コード	銘柄名	市場・商品区分	33業種コード	33業種区分	17業種コード	17業種区分	規模コード	規模区分	株価	配当利回り(%)	1株配当(円)	配当利回り_raw	1株配当_raw	配当利回り_自前計算	配当状態	配当フォールバック使用	PER	PBR	時価総額(億円)	52週高値	52週安値	セクター	優待有無	優待内容	優待最低株数	優待判定信頼度	注意フラグ	要確認理由	配当ランキング利用可否	優待ランキング利用可否	総合ランキング利用可否	記事掲載区分	yfinance状態	みんかぶ状態
9414	日本ＢＳ放送	スタンダード（内国株式）	5250	情報・通信業	10	情報通信・サービスその他	-	-	896.0	3.35	30.0	3.35	30.0	3.35	配当あり	いいえ	14.04	0.65	159.8	1169.0	886.0	Communication Services	なし			高			OK	OK	OK	通常掲載可	OK	OK
9416	ビジョン	プライム（内国株式）	5250	情報・通信業	10	情報通信・サービスその他	6	TOPIX Small 1	986.0	5.88	58.0	5.88	58.0	5.88	配当あり	いいえ	10.72	2.33	480.7	1343.0	966.0	Communication Services	あり	自社サービス利用券: 100株以上 | 6月分：2枚 12月分：2枚 | ◇以下のサービスが利用可能。 ※1、Wi-Fi ルーターレンタル、宿泊施設のお申込みは、最大29,000円分まで割引として適用可能。 ※2、有効期間：（6月分）利用券到着日～翌年9月30日／（12月分）利用券到着日～翌年3月31日 ※3、現金との引換え不可、釣銭は出ない。 ■国内外でモバイルインターネット通信に利用／Wi-Fi ルーターレンタルサービス「グローバルWiFi」 ※1、海外渡航時・国内利用時とも利用可能。 ※2、全合計金額ではなく、通信料から値引きされる。 ※3、申込時、受渡手数料：無料（通常 500円税抜）	100	高			OK	OK	OK	通常掲載可	OK	OK
9417	スマートバリュー	スタンダード（内国株式）	5250	情報・通信業	10	情報通信・サービスその他	-	-	333.0	3.0	10.0	3.0	10.0	3.0	配当あり	いいえ	7.41	2.36	33.1	531.0	283.0	Technology	なし			高			OK	OK	OK	通常掲載可	OK	OK
9418	Ｕ－ＮＥＸＴ　ＨＯＬＤＩＮＧＳ	プライム（内国株式）	5250	情報・通信業	10	情報通信・サービスその他	6	TOPIX Small 1	1580.0	1.08	17.0	1.08	17.0	1.08	配当あり	いいえ	15.13	2.7	2849.9	2359.0	1504.0	Industrials	あり	コンテンツ配信サービス｢U-NEXT｣: 100株以上 | 1、｢U-NEXT｣の90日分の利用料 2、1,000円相当分のポイント | ※1、付与されたポイントは定額制音楽配信サービス(アプリ)｢SMART USEN｣の決済にも利用できる。 ※2、1,000株以上の優待は株主専用のアカウントを発行し提供。継続保有の場合は、アカウントの有効期間を自動延長します。 ■継続保有期間について 各基準日において1,000株以上を同一株主番号で保有の場合、継続保有となります。 ■案内時期 確定日2月末：5月上旬 確定日8月末：11月上旬 / 1,000株以上 | 1、｢U-NEXT｣の1年分の利用料 2	100	高			OK	OK	OK	通常掲載可	OK	OK
9419	ワイヤレスゲート	スタンダード（内国株式）	5250	情報・通信業	10	情報通信・サービスその他	-	-	309.0						配当未取得		11.98	2.01	33.6	354.0	232.0	Communication Services	あり	デジタルギフト: 1,000株以上 | 【6カ月以上保有】 5,000円相当 （年間　10,000円相当） | ◇対象となる交換先：PayPay マネーライト/Amazon ギフトカード/QUO カード pay/楽天ポイントギフト/ｄポイント/図書カード NEXT/すかいらーくグループ/Uber Eats/Google Play/au PAY 等 ■継続保有期間について 基準日(毎年6月末日及び12月末日)の当社株主名簿に、 同一株主番号で 所定の株数以上の保有を２回以上連続で記載又は記録されること。 ■贈呈時期 各基準日から3カ月以内 / 2,000株以上 | 【6カ月以上保有】 15,00	1000	高	配当未取得	1株配当が取得できていない	除外推奨	OK	除外推奨	掲載非推奨	OK_配当データ要確認	OK
9421	エヌジェイホールディングス	スタンダード（内国株式）	5250	情報・通信業	10	情報通信・サービスその他	-	-	600.0						配当未取得		52.63	1.98	31.8	692.0	529.0	Communication Services	あり	QUOカード: 100株以上 | 1,000円相当 | ■贈呈時期 定時株主総会後にお送りする「定時株主総会決議ご通知」に同封。 / 200株以上 | 4,000円相当	100	高	配当未取得	1株配当が取得できていない	除外推奨	OK	除外推奨	掲載非推奨	OK_配当データ要確認	OK
9423	フォーバル・リアルストレート	スタンダード（内国株式）	5250	情報・通信業	10	情報通信・サービスその他	-	-	100.0	5.8	5.8	5.8	5.8	5.8	配当あり	いいえ	14.33	3.25	24.2	150.0	99.0	Real Estate	あり	電子マネーギフト: 1,000株以上 | ・EJOICA セレクトギフト（カードタイプ） 1枚（2,000ポイント＝2,000円相当） | ■贈呈時期 毎年6月開催の定時株主総会終了後に発送する「定時株主総会決議ご通知」に同封。 / 5,000株以上 | ・EJOICA セレクトギフト（カードタイプ） 2枚（15,000ポイント＝15,000円相当）	1000	高			OK	OK	OK	通常掲載可	OK	OK
9424	日本通信	プライム（内国株式）	5250	情報・通信業	10	情報通信・サービスその他	7	TOPIX Small 2	107.0						配当未取得		23.36	3.86	178.5	177.0	106.0	Communication Services	なし			高	配当未取得	1株配当が取得できていない	除外推奨	OK	除外推奨	掲載非推奨	OK_配当データ要確認	OK
9425	ＲｅＹｕｕ　Ｊａｐａｎ	スタンダード（内国株式）	5250	情報・通信業	10	情報通信・サービスその他	-	-	160.0						配当未取得			0.68	10.9	1413.0	149.0	Technology	なし			高	配当未取得	1株配当が取得できていない	除外推奨	OK	除外推奨	掲載非推奨	OK_配当データ要確認	OK
9428	クロップス	スタンダード（内国株式）	5250	情報・通信業	10	情報通信・サービスその他	-	-	1250.0	2.56	32.0	2.56	32.0	2.56	配当あり	いいえ	12.76	0.89	118.2	1764.0	1132.0	Communication Services	あり	オリジナルカタログギフト: 500株以上 | 3,000円相当	500	高			OK	OK	OK	通常掲載可	OK	OK
9432	ＮＴＴ	プライム（内国株式）	5250	情報・通信業	10	情報通信・サービスその他	1	TOPIX Core30	144.3	3.74	5.4	3.74	5.4	3.74	配当あり	いいえ	11.44	1.21	117494.3	167.2	142.6	Communication Services	あり	dポイント付与: 100株以上 | 【保有期間が2年に達した株主】 1,500ポイント 【保有期間が5年に達した株主】 3,000ポイント | ※株主さまへ毎年進呈するものではございません。 ■継続保有期間について 株式購入後、初めて株主名簿に記載された日を「起算日」といたします。（株主名簿記載の確定は、毎年3月、6月、9月、12月の最終営業日） 保有期間は同一の株主番号で株主名簿に、連続して記載された期間となります。（相続・譲渡、貸株の利用、預け入れ証券会社の変更や、その他の理由により株主名簿からの除籍となることで、株主番号が変更となる場合があります。その場合は、新たに株主名簿に登録された株	100	高			OK	OK	OK	通常掲載可	OK	OK
9433	ＫＤＤＩ	プライム（内国株式）	5250	情報・通信業	10	情報通信・サービスその他	1	TOPIX Core30	2681.0	3.13	84.0	3.13	84.0	3.13	配当あり	いいえ	14.6	2.01	102067.8	2827.0	2307.5	Communication Services	あり	自社関連サービス: 200株以上 | 【1年以上保有株主】 2,000円相当 【5年以上保有株主】 3,000円相当 | ◇自社関連サービスの特典から1点を選択。 ・Pontaポイント※ ・ローソン／成城石井　商品詰合せセット ・寄付（キボウのカケハシ） ※Pontaポイントは「お得なポイント交換所」の利用により、au PAY マーケット限定のPontaポイントとして最大1.5倍に増量することが可能。 ■継続保有期間について 継続保有期間は、同一株主番号で3月31日の株主名簿に連続して記録されている年数です。株主番号は9月30日、および3月31日の株主名簿確定時点で保有されている場合、同一株主	200	高			OK	OK	OK	通常掲載可	OK	OK
9434	ソフトバンク	プライム（内国株式）	5250	情報・通信業	10	情報通信・サービスその他	1	TOPIX Core30	204.7	4.3	8.8	4.3	8.8	4.3	配当あり	いいえ	18.15	3.31	97905.8	247.9	202.6	Communication Services	あり	PayPayポイント: 100株以上 | 【1年以上保有株主】 1,000ポイント | ■継続保有期間について 保有期間は3月31日から翌年3月31日までの間とし、初回は2025年3月31日（※1）から2026年3月31日まで（※2）とします。 ※1、当社株主名簿に記載または記録された日付であり、株式を取得した日等とは異なります。 ※2、同一の株主番号で3月31日および9月30日最終の当社株主名簿に3回以上連続で記載または記録されている株主さまとします。	100	高			OK	OK	OK	通常掲載可	OK	OK
94345	ソフトバンク第１回社債型種類株式	プライム（内国株式）	5250	情報・通信業	10	情報通信・サービスその他	-	-	3785.0	2.64	100.0	2.64	100.0	2.64	配当あり	いいえ		61.17		3848.0	3710.0	Communication Services	対象外			低			OK	要確認	要確認	手動確認後に掲載	OK	対象外
94346	ソフトバンク第２回社債型種類株式	プライム（内国株式）	5250	情報・通信業	10	情報通信・サービスその他	-	-	7581.0	3.38	256.0	3.38	256.0	3.38	配当あり	いいえ		122.52		7720.0	7410.0	Communication Services	対象外			低			OK	要確認	要確認	手動確認後に掲載	OK	対象外
9435	光通信	プライム（内国株式）	5250	情報・通信業	10	情報通信・サービスその他	4	TOPIX Mid400	36040.0	2.16	780.0	2.16	780.0	2.16	配当あり	いいえ	10.48	1.33	15780.6	45950.0	33190.0	Industrials	なし			高			OK	OK	OK	通常掲載可	OK	OK
9436	沖縄セルラー電話	スタンダード（内国株式）	5250	情報・通信業	10	情報通信・サービスその他	-	-	3685.0	1.9	70.0	1.9	70.0	1.9	配当あり	いいえ	25.97	3.43	3392.2	3815.0	2427.5	Communication Services	あり	自社または、KDDI関連サービス: 200株以上 | 【1年以上保有株主】 2,000円相当 【5年以上保有株主】 3,000円相当 | ◇自社または、KDDI関連サービスの特典の中から1点を選択。 ※Pontaポイント、沖縄CLIPマルシェ、au PAY マーケット、その他KDDIグループ各社が提供する各種サービスを利用できる特典等の具体的な内容は、自社ホームページ等で案内予定。 ■継続保有期間について ・継続保有期間は、同一株主番号で3月31日の株主名簿に連続して記録されている年数です。 ・当社における株主名簿確定時点において継続して保有されている場合、同一株主番号となります。 ・株主番号	200	高			OK	OK	OK	通常掲載可	OK	OK
9438	エムティーアイ	プライム（内国株式）	5250	情報・通信業	10	情報通信・サービスその他	7	TOPIX Small 2	538.0	3.72	20.0	3.72	20.0	3.72	配当あり	いいえ	8.5	1.51	298.8	973.0	527.0	Healthcare	なし			高			OK	OK	OK	通常掲載可	OK	OK
9439	エム・エイチ・グループ	スタンダード（内国株式）	9050	サービス業	10	情報通信・サービスその他	-	-	247.0	0.4	1.0	0.4	1.0	0.4	配当あり	いいえ		5.78	28.5	268.0	204.0	Consumer Cyclical	あり	オンラインストア株主優待券: 100株以上 | 【3年未満保有株主】 3,500円相当／1枚 【3年以上保有株主】 4,500円相当／1枚 | ◇「Ｍ・Ｈ・ＧＲＯＵＰ+ＷＥＢ+ＳＴＯＲＥ」内に株主専用ページを開設。 ■継続保有期間について 継続して権利確定月末日の株主名簿に記載又は記録されている期間です。 / 300株以上 | 【3年未満保有株主】 3,500円相当／2枚 【3年以上保有株主】 4,500円相当／2枚 / 500株以上 | 【3年未満保有株主】 3,500円相当／3枚 【3年以上保有株主】 4,500円相当／3枚 / 1,000株以上 | 【3年未満保有株主】 3,500円相当	100	高			OK	OK	OK	通常掲載可	OK	OK
9441	ベルパーク	スタンダード（内国株式）	5250	情報・通信業	10	情報通信・サービスその他	-	-	2672.0	3.82	102.0	3.82	102.0	3.82	配当あり	いいえ	10.15	1.17	327.1	3220.0	1900.0	Consumer Cyclical	あり	オリジナルQUOカード: 100株以上 | QUOカード 1,000円相当 （年間　2,000円相当） | ■贈呈時期 確定日6月末：9月中旬の「ビジネスレポート」に同封。 確定日12月末：翌年3月下旬の「ビジネスレポート」に同封。	100	高			OK	OK	OK	通常掲載可	OK	OK
9444	トーシンホールディングス	スタンダード（内国株式）	5250	情報・通信業	10	情報通信・サービスその他	-	-	249.0						配当未取得		6.66	0.58	16.1	633.0	163.0	Consumer Cyclical	あり	自社商品券、自社施設利用無料券: 100株以上 | ◆以下優待内容 特典　1、2、3、4 | ※特典　優待内容詳細 1、携帯ショップで携帯電話の購入など、額面の一部を還元 2、ゴルフリークス優待 ・クラブフィッティング・パターフィッティング　1回1,100円 ・打ち放題45分 通常2,200円(税込)⇒ 1,100円(税込)(1日1回に限る） ・THEON(シミュレーションゴルフ)45分 通常1ブース7,700円(税込)⇒ 2,200円(税込)(ボール代込み） ・TOSHIN コラボキャディバッグなど30%OFF 3、リバーデール　メンバー料金優待 ・入場料：ビジター330円（税込）⇒220円	100	高	配当未取得	1株配当が取得できていない	除外推奨	OK	除外推奨	掲載非推奨	OK_配当データ要確認	OK
9445	フォーバルテレコム	スタンダード（内国株式）	5250	情報・通信業	10	情報通信・サービスその他	-	-	529.0	5.29	28.0	5.29	28.0	5.29	配当あり	いいえ	8.99	2.25	88.6	600.0	502.0	Communication Services	なし			高			OK	OK	OK	通常掲載可	OK	OK
9446	サカイホールディングス	スタンダード（内国株式）	5250	情報・通信業	10	情報通信・サービスその他	-	-	670.0	5.37	36.0	5.37	36.0	5.37	配当あり	いいえ	6.2	1.04	50.6	758.0	450.0	Communication Services	なし			高			OK	OK	OK	通常掲載可	OK	OK
9449	ＧＭＯインターネットグループ	プライム（内国株式）	5250	情報・通信業	10	情報通信・サービスその他	4	TOPIX Mid400	3283.0	2.58	84.8	2.58	84.8	2.58	配当あり	いいえ	20.2	2.89	3229.5	4118.0	2731.5	Communication Services	あり	グループ金融サービス: 100株以上 | 【1単元以上を6ヵ月以上継続保有】 ■当社株式買付代金×0.03％（小数点以下切り上げ）に相当するビットコインを GMOコイン株式会社の暗号資産取引口座に付与（上限10,000円） ※GMO コイン株式会社に暗号資産取引口座を開設していただく必要があります。 （現物買付取引、信用新規買取引、信用返済買取引） | ■継続保有期間について 基準日（12月末日、6月末日）とその6カ月前に、同じ株主番号で連続して株主名簿に記載または記録されている株主様が優待の対象となります。権利確定日直近6カ月前からの保有が必須です。 ※基準日以外の任意の日で株式保有状況を確	100	高			OK	OK	OK	通常掲載可	OK	OK
9450	ファイバーゲート	スタンダード（内国株式）	5250	情報・通信業	10	情報通信・サービスその他	7	TOPIX Small 2	749.0	3.6	27.0	3.6	27.0	3.6	配当あり	いいえ	11.75	2.18	150.7	787.0	653.0	Communication Services	なし			高			OK	OK	OK	通常掲載可	OK	OK
9466	アイドママーケティングコミュニケーション	スタンダード（内国株式）	5250	情報・通信業	10	情報通信・サービスその他	-	-	224.0	4.46	10.0	4.46	10.0	4.46	配当あり	いいえ	16.36	0.87	29.4	256.0	216.0	Communication Services	なし			高			OK	OK	OK	通常掲載可	OK	OK
9467	アルファポリス	グロース（内国株式）	5250	情報・通信業	10	情報通信・サービスその他	-	-	940.0	2.87	27.0	2.87	27.0	2.87	配当あり	いいえ	11.79	1.75	273.2	1731.0	940.0	Communication Services	あり	自社発行雑誌優待: 100株以上 | 2冊 | ※2025年1月1日を効力発生日とする1：3の株式分割が予定されています。 ※申込書より2冊を選択 ■案内時期 毎年6月に「株主様ご優待申込書」を送付。	100	高			OK	OK	OK	通常掲載可	OK	OK
9468	ＫＡＤＯＫＡＷＡ	プライム（内国株式）	5250	情報・通信業	10	情報通信・サービスその他	4	TOPIX Mid400	3359.0	1.79	60.0	1.79	60.0	1.79	配当あり	いいえ	434.54	1.99	4936.8	4100.0	2701.5	Communication Services	あり	自社商品セット: 100株以上 | 【1年以上保有株主】 ・ブロンズランク 【3年以上保有株主】 ・シルバーランク | ◇ランク内訳（※2025年） ※付与されたポイントの範囲内で自由に商品を選択。ポイントは次年度持ち越し不可。 1、ブロンズランク 30ポイント（3,000円以上相当） 2、シルバーランク 45ポイント（4,500円以上相当） 3、ゴールドランク 60ポイント（6,000円以上相当） 4、プラチナランク 80ポイント（8,000円以上相当） ■継続保有期間について 毎年3月31日、9月30日に確定する当社株主名簿に連続で、かつ同一株主番号で所定の回数以上記載されていることが条件	100	高			OK	OK	OK	通常掲載可	OK	OK
9470	学研ホールディングス	プライム（内国株式）	5250	情報・通信業	10	情報通信・サービスその他	7	TOPIX Small 2	1000.0	2.9	29.0	2.9	29.0	2.9	配当あり	いいえ	12.84	0.78	416.2	1164.0	918.0	Consumer Defensive	あり	自社グループサービス、学研モールクーポン: 100株以上 | ◇グループ商品セット（5,000円相当予定）より、いずれか１つ | ■対象株主 ①新規株主（100株以上の保有株数） ②買い増し株主（100株以上の増加株数） ※Web申込（受付開始：2026年11月下旬予定）に基づき、2026年12月以降に発送予定	100	高			OK	OK	OK	通常掲載可	OK	OK
9474	ゼンリン	プライム（内国株式）	5250	情報・通信業	10	情報通信・サービスその他	7	TOPIX Small 2	847.0	4.96	42.0	4.96	42.0	4.96	配当あり	いいえ	16.5	0.92	452.2	1136.0	841.0	Communication Services	なし			高			OK	OK	OK	通常掲載可	OK	OK
9475	昭文社ホールディングス	スタンダード（内国株式）	5250	情報・通信業	10	情報通信・サービスその他	-	-	480.0	2.08	10.0	2.08	10.0	2.08	配当あり	いいえ	7.18	0.61	86.5	585.0	404.0	Communication Services	あり	自社クーポン: 100株以上 | 【1年以上継続保有】 昭文社オンラインストアで使用可能なクーポン （3,000円相当） | ■継続保有期間について 毎年３月末日および９月末日現在の当社株主名簿において、同一の株主番号で３回以上連続して100株以上の保有が記載または記録されている株主。	100	高			OK	OK	OK	通常掲載可	OK	OK
9476	中央経済社ホールディングス	スタンダード（内国株式）	5250	情報・通信業	10	情報通信・サービスその他	-	-	1019.0	1.28	13.0	1.28	13.0	1.28	配当あり	いいえ	12.47	0.89	39.5	1050.0	558.0	Communication Services	あり	自社書籍販売サイト・クーポン: 100株以上 | 4,000円相当 ※年内に利用した株主には、自社グループ刊行の手帳または、カレンダーをプレゼント。 | ※クーポンコードの使用方法 https://www.chuokeizai.co.jp/ir/press/pdf/yutai_riyouannai.pdf ■有効期間：翌年9月末	100	高			OK	OK	OK	通常掲載可	OK	OK
9478	ＳＥホールディングス・アンド・インキュベーションズ	スタンダード（内国株式）	5250	情報・通信業	10	情報通信・サービスその他	-	-	495.0	0.81	4.0	0.81	4.0	0.81	配当あり	いいえ	12.44	0.67	74.9	560.0	306.0	Communication Services	なし			高			OK	OK	OK	通常掲載可	OK	OK
9501	東京電力ホールディングス	プライム（内国株式）	4050	電気・ガス業	11	電力・ガス	4	TOPIX Mid400	456.6						配当未取得			0.22	7317.9	939.4	450.4	Utilities	なし			高	配当未取得	1株配当が取得できていない	除外推奨	OK	除外推奨	掲載非推奨	OK_配当データ要確認	OK
9502	中部電力	プライム（内国株式）	4050	電気・ガス業	11	電力・ガス	4	TOPIX Mid400	2999.5	2.33	70.0	2.33	70.0	2.33	配当あり	いいえ	9.95	0.72	22658.0	3055.0	1754.0	Utilities	なし			高			OK	OK	OK	通常掲載可	OK	OK
9503	関西電力	プライム（内国株式）	4050	電気・ガス業	11	電力・ガス	4	TOPIX Mid400	2271.5	3.52	80.0	3.52	80.0	3.52	配当あり	いいえ	6.66	0.73	25305.8	2826.0	1673.0	Utilities	なし			高			OK	OK	OK	通常掲載可	OK	OK
9504	中国電力	プライム（内国株式）	4050	電気・ガス業	11	電力・ガス	4	TOPIX Mid400	884.3	3.39	30.0	3.39	30.0	3.39	配当あり	いいえ	4.64	0.41	3179.7	1145.0	703.6	Utilities	なし			高			OK	OK	OK	通常掲載可	OK	OK
9505	北陸電力	プライム（内国株式）	4050	電気・ガス業	11	電力・ガス	4	TOPIX Mid400	868.6	2.88	25.0	2.88	25.0	2.88	配当あり	いいえ	3.33	0.4	1814.6	1142.0	709.0	Utilities	なし			高			OK	OK	OK	通常掲載可	OK	OK
9506	東北電力	プライム（内国株式）	4050	電気・ガス業	11	電力・ガス	4	TOPIX Mid400	1042.0	3.84	40.0	3.84	40.0	3.84	配当あり	いいえ	6.13	0.47	5211.7	1323.0	972.2	Utilities	なし			高			OK	OK	OK	通常掲載可	OK	OK
9507	四国電力	プライム（内国株式）	4050	電気・ガス業	11	電力・ガス	4	TOPIX Mid400	1478.0	3.72	55.0	3.72	55.0	3.72	配当あり	いいえ	5.98	0.64	3020.6	1872.5	1183.0	Utilities	なし			高			OK	OK	OK	通常掲載可	OK	OK
9508	九州電力	プライム（内国株式）	4050	電気・ガス業	11	電力・ガス	4	TOPIX Mid400	1664.0	3.0	50.0	3.0	50.0	3.0	配当あり	いいえ	5.29	0.66	7867.0	2017.5	1253.0	Utilities	なし			高			OK	OK	OK	通常掲載可	OK	OK
9509	北海道電力	プライム（内国株式）	4050	電気・ガス業	11	電力・ガス	4	TOPIX Mid400	919.8	3.59	33.0	3.59	33.0	3.59	配当あり	いいえ	4.49	0.41	1888.8	1295.0	739.4	Utilities	なし			高			OK	OK	OK	通常掲載可	OK	OK
9511	沖縄電力	プライム（内国株式）	4050	電気・ガス業	11	電力・ガス	6	TOPIX Small 1	886.0	3.39	30.0	3.39	30.0	3.39	配当あり	いいえ	7.72	0.37	481.2	1208.0	873.0	Utilities	なし			高			OK	OK	OK	通常掲載可	OK	OK
9513	電源開発	プライム（内国株式）	4050	電気・ガス業	11	電力・ガス	4	TOPIX Mid400	3636.0	3.03	110.0	3.03	110.0	3.03	配当あり	いいえ	11.17	0.46	6399.7	4514.0	2444.5	Utilities	なし			高			OK	OK	OK	通常掲載可	OK	OK
9514	エフオン	スタンダード（内国株式）	4050	電気・ガス業	11	電力・ガス	7	TOPIX Small 2	326.0	2.45	8.0	2.45	8.0	2.45	配当あり	いいえ	11.99	0.33	69.0	458.0	313.0	Utilities	なし			高			OK	OK	OK	通常掲載可	OK	OK
9517	イーレックス	プライム（内国株式）	4050	電気・ガス業	11	電力・ガス	7	TOPIX Small 2	726.0	3.03	22.0	3.03	22.0	3.03	配当あり	いいえ	10.62	0.8	566.5	1118.0	598.0	Utilities	あり	プレミアム優待倶楽部ポイント: 300株以上 | 2,000ポイント（年間　4,000ポイント） | ◇ポイントは、特設ウェブサイトにおいて、お米やブランド牛などのこだわりグルメ、スイーツや飲料類、銘酒、電化製品、選べる体験ギフトに加え、5,000種類以上の商品からお選びいただけます。 ※1ポイント1円相当。 ※優待ポイントの繰越：３月末日・９月末日において当社株主名簿に同一株主番号で連続２回以上記載され、かつ300株以上継続保有されている場合にのみ繰り越すことができ、最大４回分まとめて交換することができます。 ※プレミアム優待倶楽部では、株主優待ポイントを共通株主優待コイン「WILLsCoi	300	高			OK	OK	OK	通常掲載可	OK	OK
9519	レノバ	プライム（内国株式）	4050	電気・ガス業	11	電力・ガス	6	TOPIX Small 1	914.0						配当未取得		25.0	0.67	826.2	1400.0	616.0	Utilities	あり	オリジナルQUOカード: 100株以上 | 300円相当 | ■継続保有期間について 1年以上の継続保有とは、毎年3月末日及び9月末日の株主名簿に連続3回以上で、同一株主番号にて記載又は記録されたことをいいます。 ■贈呈時期 毎年6月上旬 / 500株以上 | 【1年未満保有株主】 300円相当 【1年以上保有株主】 1,500円相当 / 1,000株以上 | 【1年未満保有株主】 300円相当 【1年以上保有株主】 3,000円相当 / 10,000株以上 | 【1年未満保有株主】 300円相当 【1年以上保有株主】 30,000円相当	100	高	配当未取得	1株配当が取得できていない	除外推奨	OK	除外推奨	掲載非推奨	OK_配当データ要確認	OK
9531	東京瓦斯	プライム（内国株式）	4050	電気・ガス業	11	電力・ガス	4	TOPIX Mid400	6111.0	1.96	120.0	1.96	120.0	1.96	配当あり	いいえ	9.34	1.19	20287.6	7967.0	4628.0	Utilities	なし			高			OK	OK	OK	通常掲載可	OK	OK
9532	大阪瓦斯	プライム（内国株式）	4050	電気・ガス業	11	電力・ガス	4	TOPIX Mid400	5378.0	2.42	130.0	2.42	130.0	2.42	配当あり	いいえ	13.76	1.14	20506.6	6828.0	3605.0	Utilities	なし			高			OK	OK	OK	通常掲載可	OK	OK
9533	東邦瓦斯	プライム（内国株式）	4050	電気・ガス業	11	電力・ガス	4	TOPIX Mid400	1192.0	1.89	22.5	1.89	22.5	1.89	配当あり	いいえ	14.22	0.91	4288.5	1425.75	1000.25	Utilities	あり	株主優待ポイント: 100株以上 | 【半年以上保有株主】 1,000ポイント 【3年以上保有株主】 1,500ポイント 【5年以上保有株主】 2,000ポイント | ・「株主優待ポイント」を利用して 優待商品カタログの中から好きな 商品と交換ができる。 ・会員サイト「Club TOHOGAS」内で ガス・電気料金の支払等に使用可 能な「がすてきポイント」との 交換も可能。 その場合、1.5倍相当の「がすてき ポイント」と交換できる。 ・社会貢献基金への寄付も可能。 ※1ポイント＝1円相当。 ■継続保有期間について 6か月以上継続保有の株主さまとは、毎年3月31日現在において、当社株主名簿に、	100	高			OK	OK	OK	通常掲載可	OK	OK
9534	北海道瓦斯	プライム（内国株式）	4050	電気・ガス業	11	電力・ガス	7	TOPIX Small 2	754.0	3.58	27.0	3.58	27.0	3.58	配当あり	いいえ	5.8	0.68	665.6	930.0	579.0	Utilities	あり	株主優待カタログ、おこめギフト券: 500株以上 | おこめギフト券×1枚 | ■贈呈時期 6月初旬の事業報告送付時に送付。 / 1,000株以上 | おこめギフト券×2枚 / 5,000株以上 | 北海道特産・名産品（3,000円相当）	500	高			OK	OK	OK	通常掲載可	OK	OK
9535	広島ガス	プライム（内国株式）	4050	電気・ガス業	11	電力・ガス	7	TOPIX Small 2	386.0	3.11	12.0	3.11	12.0	3.11	配当あり	いいえ	12.59	0.37	265.3	434.0	353.0	Energy	あり	株主優待ポイント: 500株以上 | 【3年未満保有】 1,000ポイント 【3年以上保有】 2,000ポイント | ※1ポイント＝1円相当。 ※ポイント数に応じて広島県 特産品（40品程度）から好き な品を選べる。 ※5,000ポイント以上で広ガス ポイントとの交換も可能。 ※ポイントは翌々年まで繰越 が可能。 ■継続保有期間について 「3年以上保有」の株主さまとは、毎年3月31日において、当社株主名簿に同一株主番号で毎年3月31日、6月30日、9月30日および12月31日現在の株主名簿に継続して13回以上連続で記載または記録されている株主さまとなります / 1,000株以上 | 【3年未満	500	高			OK	OK	OK	通常掲載可	OK	OK
9536	西部ガスホールディングス	プライム（内国株式）	4050	電気・ガス業	11	電力・ガス	7	TOPIX Small 2	2246.0	3.12	70.0	3.12	70.0	3.12	配当あり	いいえ	11.44	0.7	808.4	2634.0	1747.0	Utilities	あり	プレミアム優待倶楽部ポイント: 200株以上 | 6,000ポイント（年間　12,000ポイント） | ◇特設ウェブサイトにおいて、お米やブランド牛などのこだわりグルメ、スイーツや飲料類、銘酒、家電製品、選べる体験ギフト、Amazon ギフトカードなど、5,000種類以上の商品からお好みの商品に交換いただけます。 ※1ポイント≒1円相当。 ※他のプレミアム優待倶楽部導入企業の優待ポイントと合算可能な共通株主優待コイン『WILLsCoin』にも交換が可能です。 ■繰越条件：2026 年 3 月末日以降、毎年 3 月末日および 9 月末日の株主名簿に同一株主番号で連続に記載または記録され、かつ 2	200	高			OK	OK	OK	通常掲載可	OK	OK
9537	北陸瓦斯	スタンダード（内国株式）	4050	電気・ガス業	11	電力・ガス	-	-	4000.0	2.0	80.0	2.0	80.0	2.0	配当あり	いいえ	5.86	0.35	186.6	5710.0	3445.0	Utilities	なし			高			OK	OK	OK	通常掲載可	OK	OK
9539	京葉瓦斯	スタンダード（内国株式）	4050	電気・ガス業	11	電力・ガス	-	-	1434.0	1.81	26.0	1.81	26.0	1.81	配当あり	いいえ	14.37	0.43	461.1	1434.0	1077.0	Utilities	なし			高			OK	OK	OK	通常掲載可	OK	OK
9543	静岡ガス	プライム（内国株式）	4050	電気・ガス業	11	電力・ガス	6	TOPIX Small 1	1262.0	3.49	44.0	3.49	44.0	3.49	配当あり	いいえ	9.46	0.69	951.0	1625.0	1066.0	Utilities	あり	プレミアム優待倶楽部ポイント: 300株以上 | 【3年未満保有】 1,000ポイント 【3年以上保有】 1,500ポイント | ◇静岡県の特産品・名産品をはじめ、自社ポイントサービス「エネリア motto ポイント」など1,000種類以上の商品と交換できます。 ※1ポイント≒1円相当。 ※ポイントの繰越はできません。 ■継続保有期間について 3年以上保有とは、12月末日の株主名簿に、同一株主番号で連続7回以上お持ちの株主さまとして記載された方。 ※プレミアム優待倶楽部では、株主優待ポイントを共通株主優待コイン「WILLsCoin」と交換することができる。WILLsCoinは個人株主向け会員制	300	高			OK	OK	OK	通常掲載可	OK	OK
9551	メタウォーター	プライム（内国株式）	4050	電気・ガス業	11	電力・ガス	6	TOPIX Small 1	3570.0	2.24	80.0	2.24	80.0	2.24	配当あり	いいえ	17.07	1.74	1560.8	4220.0	2191.0	Industrials	なし			高			OK	OK	OK	通常掲載可	OK	OK
9552	クオンツ総研ホールディングス	プライム（内国株式）	9050	サービス業	10	情報通信・サービスその他	6	TOPIX Small 1	811.0	0.62	5.0	0.62	5.0	0.62	配当あり	いいえ	14.37	6.48	427.5	1444.0	556.0	Financial Services	なし			高			OK	OK	OK	通常掲載可	OK	OK
9553	マイクロアド	グロース（内国株式）	9050	サービス業	10	情報通信・サービスその他	-	-	501.0						配当未取得		18.49	3.46	138.0	957.0	416.0	Technology	あり	デジタルギフト: 800株以上 | 7,000円相当 （年間　14,000円相当） | ◇対象となる交換先：Amazon ギフトカード/ QUO カード Pay/ PayPay マネーライト/ d ポイント / au PAY ギフトカード/Visa e ギフト vanilla/ 図書カード NEXT/ Uber Taxi ギフトカード/ Uber Eats ギフトカード/Google Play ギフトコード / PlayStationStore チケット/ DMM プリペイドカード 等 ■贈呈時期 各基準日から3カ月以内	800	高	配当未取得	1株配当が取得できていない	除外推奨	OK	除外推奨	掲載非推奨	OK_配当データ要確認	OK
9554	ＡＶｉＣ	グロース（内国株式）	9050	サービス業	10	情報通信・サービスその他	-	-	1521.0						配当未取得		15.85	3.62	96.7	2420.0	1180.0	Communication Services	なし			高	配当未取得	1株配当が取得できていない	除外推奨	OK	除外推奨	掲載非推奨	OK_配当データ要確認	OK
9556	ＩＮＴＬＯＯＰ	グロース（内国株式）	9050	サービス業	10	情報通信・サービスその他	-	-	1707.0						配当未取得		29.5	2.54	160.7	4875.0	1401.0	Industrials	なし			高	配当未取得	1株配当が取得できていない	除外推奨	OK	除外推奨	掲載非推奨	OK_配当データ要確認	OK
9557	エアークローゼット	グロース（内国株式）	9050	サービス業	10	情報通信・サービスその他	-	-	164.0						配当未取得			4.65	13.6	494.0	148.0	Consumer Cyclical	あり	レンタルサービス・クーポン: 300株以上 | 【半年以上保有】 ・ファッションレンタルサービス「airCloset」もしくは「airCloset Men’s」いずれかの月額会費1ヶ月無料クーポン | ■継続保有期間について 「基準日（毎年6月末）において、同一の株主番号で株主名簿に連続して記載または記録された期間」とします。 ■贈呈時期 毎年９月中旬ごろ（株主総会招集通知に同封を予定）	300	高	配当未取得	1株配当が取得できていない	除外推奨	OK	除外推奨	掲載非推奨	OK_配当データ要確認	OK
9558	ジャパニアス	グロース（内国株式）	9050	サービス業	10	情報通信・サービスその他	-	-	1906.0	5.35	102.0	5.35	102.0	5.35	配当あり	いいえ	9.96	2.25	75.6	2499.0	1880.0	Technology	なし			高			OK	OK	OK	通常掲載可	OK	OK
9560	プログリット	グロース（内国株式）	9050	サービス業	10	情報通信・サービスその他	-	-	703.0	3.13	22.0	3.13	22.0	3.13	配当あり	いいえ	11.24	3.41	87.9	1323.0	665.0	Consumer Defensive	なし			高			OK	OK	OK	通常掲載可	OK	OK
9561	グラッドキューブ	グロース（内国株式）	9050	サービス業	10	情報通信・サービスその他	-	-	410.0						配当未取得			4.56	34.6	831.0	385.0	Technology	なし			高	配当未取得	1株配当が取得できていない	除外推奨	OK	除外推奨	掲載非推奨	OK_配当データ要確認	OK
9562	ビジネスコーチ	グロース（内国株式）	9050	サービス業	10	情報通信・サービスその他	-	-	493.0	3.45	17.0	3.45	17.0	3.45	配当あり	いいえ	64.95	0.52	20.9	944.33	481.0	Consumer Defensive	あり	デジタルギフト: 400株以上 | 2,000円相当（年間　4,000円相当） | ※対象となる交換先は次の予定。交換先については変更の可能性があります。 Amazon ギフトカード ／ QUO カード Pay ／ PayPay マネーライト ／ d ポイント ／ au PAY ギフトカード ／ Visa eギフト vanilla ／ 図書カード NEXT ／ Uber Taxi ギフトカード ／ Uber Eats ギフトカード ／ Google Play ギフトコード ／PlayStation　Store チケット ／ DMM プリペイドカード ／ JAL マイレージバンク ■継続保有期間	400	高			OK	OK	OK	通常掲載可	OK	OK
9563	Ａｔｌａｓ　Ｔｅｃｈｎｏｌｏｇｉｅｓ	グロース（内国株式）	9050	サービス業	10	情報通信・サービスその他	-	-	292.0						配当未取得		96.05	1.27	21.7	340.0	265.0	Technology	なし			高	配当未取得	1株配当が取得できていない	除外推奨	OK	除外推奨	掲載非推奨	OK_配当データ要確認	OK
9564	ＦＣＥ	スタンダード（内国株式）	9050	サービス業	10	情報通信・サービスその他	-	-	462.0	2.16	10.0	2.16	10.0	2.16	配当あり	いいえ	14.58	2.42	102.0	957.0	424.0	Industrials	あり	デジタルギフト: 100株以上 | 1,000円相当 | ◇対象となる交換先：Amazon ギフトカード / QUO カード Pay / PayPay マネーライト / d ポイント / au PAY ギフトカード / Visa e ギフト vanilla / 図書カード NEXT / Uber Taxi ギフトカード / Uber Eats ギフトカード / Google Play ギフトコード / PlayStationStore チケット ■贈呈時期 12月開催の定時株主総会前に発送される、「定時株主総会招集ご通知」に同封。	100	高			OK	OK	OK	通常掲載可	OK	OK
9565	ＧＬＯＥ	グロース（内国株式）	9050	サービス業	10	情報通信・サービスその他	-	-	650.0						配当未取得		16.69	3.63	18.0	999.0	631.0	Communication Services	なし			高	配当未取得	1株配当が取得できていない	除外推奨	OK	除外推奨	掲載非推奨	OK_配当データ要確認	OK
9601	松竹	プライム（内国株式）	5250	情報・通信業	10	情報通信・サービスその他	6	TOPIX Small 1	10100.0	0.3	30.0	0.3	30.0	0.3	配当あり	いいえ	26.53	1.28	1388.1	15410.0	9860.0	Communication Services	あり	映画招待券: 100株以上 | 80ポイント（年間 160ポイント） ※1カ月使用可能数（40ポイント） | ※1名10ポイント(3D 映画は15ポイント) 必要。新宿ピカデリ ーのみ1名20ポイン ト(3D映画は30ポイ ント)必要。 / 200株以上 | 160ポイント（年間 320ポイント） ※1カ月使用可能数（60ポイント） / 300株以上 | 200ポイント（年間 400ポイント） ※1カ月使用可能数（80ポイント） / 500株以上 | 280ポイント（年間 560ポイント） ※1カ月使用可能数（100ポイント） / 800株以上 | 400ポイント（年間 800ポイント） ※1	100	高			OK	OK	OK	通常掲載可	OK	OK
9602	東宝	プライム（内国株式）	5250	情報・通信業	10	情報通信・サービスその他	4	TOPIX Mid400	1262.0	1.74	22.0	1.74	22.0	1.74	配当あり	いいえ	20.62	2.06	10498.0	2059.0	1191.0	Communication Services	あり	映画・演劇招待券: 100株以上 | 映画招待券 1枚 / 500株以上 | 映画招待券 2枚 / 2,500株以上 | 映画招待券 6枚 / 5,000株以上 | 映画招待券 10枚 / 10,000株以上 | 映画招待券 20枚 / 25,000株以上 | 映画招待券 30枚	100	高			OK	OK	OK	通常掲載可	OK	OK
9603	エイチ・アイ・エス	プライム（内国株式）	9050	サービス業	10	情報通信・サービスその他	6	TOPIX Small 1	943.0	2.65	25.0	2.65	25.0	2.65	配当あり	いいえ	17.99	1.17	705.0	1519.0	907.0	Consumer Cyclical	あり	株主優待券、自社施設優待券: 100株以上 | 2,000円相当（年間 4,000円相当） | ■1回の旅行につき、1名分の旅行商品の販売価格が、12,000円以上（税込）については1枚（1,000円）、24,000円以上（税込）については2枚（2,000円）を上限に利用いただけます。 / 500株以上 | 4,000円相当（年間 8,000円相当） / 1,000株以上 | 6,000円相当（年間 12,000円相当）	100	高			OK	OK	OK	通常掲載可	OK	OK
9605	東映	プライム（内国株式）	5250	情報・通信業	10	情報通信・サービスその他	6	TOPIX Small 1	5690.0	0.21	12.0	0.21	12.0	0.21	配当あり	いいえ	15.2	1.22	3555.5	6050.0	4935.0	Communication Services	あり	映画招待券、QUOカード: 100株以上 | 1,000円相当 | ※2025年3月末実施 「仮面ライダークウガカード」 2種セット	100	高			OK	OK	OK	通常掲載可	OK	OK
9610	ウィルソン・ラーニング　ワールドワイド	スタンダード（内国株式）	9050	サービス業	10	情報通信・サービスその他	-	-	102.0						配当未取得			1.47	11.4	342.0	87.0	Industrials	なし			高	配当未取得	1株配当が取得できていない	除外推奨	OK	除外推奨	掲載非推奨	OK_配当データ要確認	OK
9612	ラックランド	プライム（内国株式）	9050	サービス業	10	情報通信・サービスその他	7	TOPIX Small 2	1198.0	3.34	40.0	3.34	40.0	3.34	配当あり	いいえ	5.93	1.03	136.2	1966.0	985.0	Industrials	なし			高			OK	OK	OK	通常掲載可	OK	OK
9616	共立メンテナンス	プライム（内国株式）	9050	サービス業	10	情報通信・サービスその他	4	TOPIX Mid400	2951.5	1.56	46.0	1.56	46.0	1.56	配当あり	いいえ	14.35	1.84	2683.5	3785.0	2321.0	Consumer Cyclical	あり	ホテル宿泊・割引券（電子チケット）: 100株以上 | 2,000円相当 | ※電子チケットの利用が困難な場合は、紙の優待券を発行。 / 200株以上 | 4,000円相当 / 500株以上 | 8,000円相当 / 1,000株以上 | 16,000円相当 / 2,000株以上 | 30,000円相当 / 5,000株以上 | 50,000円相当 / 10,000株以上 | 120,000円相当	100	高			OK	OK	OK	通常掲載可	OK	OK
9619	イチネンホールディングス	プライム（内国株式）	9050	サービス業	10	情報通信・サービスその他	7	TOPIX Small 2	2218.0	3.61	80.0	3.61	80.0	3.61	配当あり	いいえ	6.86	0.73	525.2	2260.0	1559.0	Industrials	なし			高			OK	OK	OK	通常掲載可	OK	OK
9621	建設技術研究所	プライム（内国株式）	9050	サービス業	10	情報通信・サービスその他	6	TOPIX Small 1	2824.0	2.76	78.0	2.76	78.0	2.76	配当あり	いいえ	13.18	1.13	771.1	3575.0	2563.0	Industrials	なし			高			OK	OK	OK	通常掲載可	OK	OK
9622	スペース	プライム（内国株式）	9050	サービス業	10	情報通信・サービスその他	7	TOPIX Small 2	1446.0	4.98	72.0	4.98	72.0	4.98	配当あり	いいえ	9.41	1.01	354.7	1709.0	1130.0	Industrials	なし			高			OK	OK	OK	通常掲載可	OK	OK
9625	セレスポ	スタンダード（内国株式）	9050	サービス業	10	情報通信・サービスその他	-	-	1073.0	4.66	50.0	4.66	50.0	4.66	配当あり	いいえ	7.66	0.6	58.8	1161.0	990.0	Communication Services	なし			高			OK	OK	OK	通常掲載可	OK	OK
9627	アインホールディングス	プライム（内国株式）	6100	小売業	14	小売	4	TOPIX Mid400	5439.0	1.84	100.0	1.84	100.0	1.84	配当あり	いいえ	11.06	1.2	1910.1	7280.0	5313.0	Healthcare	あり	自社グループ商品券: 100株以上 | 2,000円相当 | ◇利用可能店舗 ・アインズ＆トルペ・アインズ（実店舗） ・アインズ＆トルぺ ウェブストア ・Francfranc・Francfranc BAZAR（実店舗） ・Francfranc オンラインストア ※処方箋調剤の支払いには利用不可、 ■贈呈時期 7月末発送予定	100	高			OK	OK	OK	通常掲載可	OK	OK
9628	燦ホールディングス	プライム（内国株式）	9050	サービス業	10	情報通信・サービスその他	7	TOPIX Small 2	1333.0	4.28	57.0	4.28	57.0	4.28	配当あり	いいえ	6.25	0.67	319.2	1670.0	1288.0	Consumer Cyclical	なし			高			OK	OK	OK	通常掲載可	OK	OK
9629	ピー・シー・エー	プライム（内国株式）	5250	情報・通信業	10	情報通信・サービスその他	7	TOPIX Small 2	1254.0	3.19	40.0	3.19	40.0	3.19	配当あり	いいえ	15.6	1.32	251.5	2084.0	1164.0	Technology	あり	オリジナルQUOカード: 300株以上 | 2,000円相当 | ■贈呈時期 毎年6月の年次報告書等に同封。 / 900株以上 | 3,000円相当 / 1,500株以上 | 4,000円相当	300	高			OK	OK	OK	通常掲載可	OK	OK
9632	スバル興業	スタンダード（内国株式）	9050	サービス業	10	情報通信・サービスその他	7	TOPIX Small 2	3520.0	2.27	80.0	2.27	80.0	2.27	配当あり	いいえ	18.73	1.21	454.2	3890.0	2678.0	Industrials	あり	ＴＯＨＯシネマズ ギフトカード: 500株以上 | 【3年未満保有】 2,000円相当 【3年以上保有】 3,000円相当 | ※画像デザインは変更する可能性があります。 ■継続保有期間について 継続保有期間３年以上とは、毎年1月31日及び7月31日を基準日とする株主名簿に、同一の株主番号で連続して7回以上記載又は記録され、かつ各基準日で5単元以上を継続して保有していただいていることをいいます。 / 1,000株以上 | 【3年未満保有】 3,000円相当 【3年以上保有】 4,000円相当 / 1,500株以上 | 【3年未満保有】 4,000円相当 【3年以上保有】 5,000円相当	500	高			OK	OK	OK	通常掲載可	OK	OK
9633	東京テアトル	スタンダード（内国株式）	8050	不動産業	17	不動産	-	-	1617.0	1.24	20.0	1.24	20.0	1.24	配当あり	いいえ	13.26	0.65	109.5	1712.0	1080.0	Industrials	あり	映画招待券、施設優待割引証: 100株以上 | 4枚（年間 8枚） | ■1枚で1名が1回無料で鑑賞可能｡ ※4枚または8枚の綴りになっており前半3ヶ月有効と後半3ヶ月有効に分かれている。切り離し無効。 《発送時期・有効期間》 確定日3月末：7月中旬・8月1日～翌年1月31日 確定日9月末：翌年1月中旬・同年2月1日～同年7月31日 / 200株以上 | 8枚（年間 16枚） / 300株以上 | 12枚（年間 24枚） / 400株以上 | 16枚（年間 32枚） / 500株以上 | 20枚（年間 40枚） / 1,000株以上 | 32枚（年間 64枚） / 2,000株以上 | 48枚	100	高			OK	OK	OK	通常掲載可	OK	OK
9635	武蔵野興業	スタンダード（内国株式）	9050	サービス業	10	情報通信・サービスその他	-	-	2516.0						配当未取得		7.3	0.66	26.3	2783.0	2118.0	Real Estate	あり	映画招待券: 100株以上 | ◆以下優待内容詳細 1、新宿武蔵野館映画無料優待券 4枚 2、映画割引優待券 8枚※1 | ※1、「映画割引優待券」の 利用で、1枚につき1作品を 新宿武蔵野館 またはシネマカリテの いずれか一館にて割引での 優待料金（800円相当）で 鑑賞可能。 ※2、シネマカリテでの 株主優待の利用は、 従来どおり割引での 優待料金（800円相当）の 鑑賞のみとなる。 ■贈呈時期 確定日3月末:6月下旬 確定日9月末:12月上旬 / 200株以上 | ◆以下優待内容詳細 1、新宿武蔵野館映画無料優待券 8枚 2、映画割引優待券 16枚※1 / 300株以上 | ◆以下優待内	100	高	配当未取得	1株配当が取得できていない	除外推奨	OK	除外推奨	掲載非推奨	OK_配当データ要確認	OK
9636	きんえい	スタンダード（内国株式）	9050	サービス業	10	情報通信・サービスその他	-	-	4210.0	0.24	10.0	0.24	10.0	0.24	配当あり	いいえ	58.48	6.18	117.4	4380.0	3990.0	Communication Services	あり	映画招待カード: 75株以上 | 1回 | ※株主招待カードの提示により、利用可 ※株主招待カードは、株主用1枚・家族カード2枚を発行。3枚合計の回数を招待。 / 150株以上 | 2回 / 300株以上 | 4回 / 450株以上 | 6回 / 750株以上 | 10回 / 1,050株以上 | 14回	100	高			OK	OK	OK	通常掲載可	OK	OK
9639	三協フロンテア	スタンダード（内国株式）	9050	サービス業	10	情報通信・サービスその他	-	-	2262.0	3.98	90.0	3.98	90.0	3.98	配当あり	いいえ	9.03	0.96	502.7	2288.0	1902.0	Real Estate	あり	Jリーグ観戦ペアチケット: 100株以上 | 1、柏レイソル　Jリーグホームゲーム観戦ペアチケット 2、フロンテアニューイヤーコンサートペアチケット ※コンサートは、5年以上継続保有の株主または柏・我孫子・流山・野田在住株主のみ応募可。 | ■年1回(5～8月頃)案内	100	高			OK	OK	OK	通常掲載可	OK	OK
9640	セゾンテクノロジー	スタンダード（内国株式）	5250	情報・通信業	10	情報通信・サービスその他	-	-	2028.0	4.44	90.0	4.44	90.0	4.44	配当あり	いいえ	30.21	2.33	328.5	2545.0	1805.0	Technology	なし			高			OK	OK	OK	通常掲載可	OK	OK
9644	タナベコンサルティンググループ	プライム（内国株式）	9050	サービス業	10	情報通信・サービスその他	7	TOPIX Small 2	734.0	4.36	32.0	4.36	32.0	4.36	配当あり	いいえ	21.69	0.59	235.7	804.0	645.0	Industrials	あり	デジタルギフト: 100株以上 | 500円相当 | ◇対象となる交換先：PayPayマネーライト／Amazonギフトカード／楽天ポイントギフト／d ポイント／au PAY ギフトカード／QUOカードPay／FamiPayギフト／WAON POINT／nanacoギフト／Pontaポイント／Visa eギフトvanilla／Google Playギフトコード／Uber Eatsギフトカード／すかいらーくご優待券／吉野家デジタルギフト／タリーズデジタルギフト／デジタルKFCカード／西松屋チェーンデジタルギフト／図書カード NEXT／TOHOシネマズ デジタルギフト／ビットコイン by bitFl	100	高			OK	OK	OK	通常掲載可	OK	OK
9647	協和コンサルタンツ	スタンダード（内国株式）	9050	サービス業	10	情報通信・サービスその他	-	-	6730.0	0.45	30.0	0.45	30.0	0.45	配当あり	いいえ	6.44	0.86	39.4	10900.0	6000.0	Industrials	なし			高			OK	OK	OK	通常掲載可	OK	OK
9651	日本プロセス	スタンダード（内国株式）	5250	情報・通信業	10	情報通信・サービスその他	-	-	1699.0	4.0	68.0	4.0	68.0	4.0	配当あり	いいえ	10.46	1.45	164.7	1947.0	1377.0	Technology	なし			高			OK	OK	OK	通常掲載可	OK	OK
9656	グリーンランドリゾート	スタンダード（内国株式）	9050	サービス業	10	情報通信・サービスその他	-	-	613.0	2.45	15.0	2.45	15.0	2.45	配当あり	いいえ	13.0	0.6	63.4	642.0	596.0	Consumer Cyclical	あり	自社施設優待券: 100株以上 | 2枚(年間 4枚) | ◆利用可能施設 【グリーンランド遊園地、 北海道グリーンランド遊園地】 無料入園券（1枚につき1名様まで） 【ホワイトパーク（スキー場）】 4時間リフト券（1枚につき1名様まで） 【いわみざわ公園パークゴルフ場 ローズパーク】 無料利用券（1枚につき2名様まで） （貸し用具代は別途必要） 【北村温泉ホテル】 無料入浴券（1枚につき2名様まで） （貸しタオル代は別途必要） / 500株以上 | 4枚(年間 8枚) / 1,000株以上 | 6枚(年間 12枚) / 2,000株以上 | 10枚(年間 20枚) / 5,000株以上 | 	100	高			OK	OK	OK	通常掲載可	OK	OK
9658	ビジネスブレイン太田昭和	プライム（内国株式）	5250	情報・通信業	10	情報通信・サービスその他	7	TOPIX Small 2	993.0	4.73	47.0	4.73	47.0	4.73	配当あり	いいえ	10.79	1.05	322.3	1218.33	839.67	Technology	あり	オリジナルQUOカード: 300株以上 | 【1年以上保有株主】 3,000円相当 | ※優待金額の一定割合を別途日本ユニセフに寄付 ■継続保有期間について 毎年3月末日の株主名簿に記載又は記録された1単元（100株）以上の株式を保有、継続期間1年を超えた株主を対象。 / 900株以上 | 【1年以上保有株主】 5,000円相当	300	高			OK	OK	OK	通常掲載可	OK	OK
9661	歌舞伎座	スタンダード（内国株式）	9050	サービス業	10	情報通信・サービスその他	-	-	4460.0	0.11	5.0	0.11	5.0	0.11	配当あり	いいえ	188.66	4.76	540.5	4795.0	4420.0	Real Estate	あり	歌舞伎座招待券: 150株以上 | 年間 1枚 | ※1,000株以上の株主は、権利確定前の申込みにより、ペア指定（2枚ずつ利用）が可能。 《優待期間》 確定日2月末：6月～11月興行 確定日8月末：12月～翌年5月興行 / 450株以上 | 年間 3枚 / 750株以上 | 3枚(年間 6枚) / 1,000株以上 | 4枚(年間 8枚)※ / 1,500株以上 | 6枚(年間 12枚)※ / 2,000株以上 | 8枚(年間 16枚)※ / 3,000株以上 | 12枚(年間 24枚)※ / 5,000株以上 | 18枚(年間 36枚)※	150	高			OK	OK	OK	通常掲載可	OK	OK
9663	ナガワ	プライム（内国株式）	9050	サービス業	10	情報通信・サービスその他	7	TOPIX Small 2	4960.0	1.21	60.0	1.21	60.0	1.21	配当あり	いいえ	17.45	1.29	768.7	6990.0	4670.0	Industrials	あり	デジタルギフトボックス: 100株以上 | 【1年未満保有株主】 5,000円相当 【1年以上保有株主】 20,000円相当 【3年以上保有株主】 30,000円相当 | ◇約 1,000 種類以上の様々な「電子ギフト」「スマホ決済サービスポイント」から選べるデジタルギフトボックス「giftee Box」／オリジナル優待カタログギフト ※継続保有期間は、株式数の範囲を継続して下回らないこととします。 ■継続保有期間について 権利が確定する3月末日現在の株主名簿を含む、過去の3月末日、9月末日の株主名簿へ、同一の株主番号で連続して記載されることとします。また、その期間中の株主名簿への株式数の記載	100	高			OK	OK	OK	通常掲載可	OK	OK
9672	東京都競馬	プライム（内国株式）	9050	サービス業	10	情報通信・サービスその他	6	TOPIX Small 1	4875.0	2.99	146.0	2.99	146.0	2.99	配当あり	いいえ	12.42	1.34	1269.3	6080.0	4580.0	Consumer Cyclical	あり	自社施設優待券: 100株以上 | 各1枚 | ◇ 大井競馬場株主優待証＋大井競馬場内飲食店舗「STAR LIGHT」限定 飲食優待券（500円） ※大井競馬の開催日に入場可能。(優待席は利用不可) ■継続保有期間について 6月末日および12月末日時点の当社株主名簿において、同一番号で連続して100株以上の当社株式の保有が記載・記録された回数 （継続保有期間1年以上：3回以上）を確認。 ■贈呈時期 基準日の翌年3月末に、配当金領収書（計算書）などに同封。 / 500株以上 | 【1年未満保有】 各1枚 【1年以上保有】 各2枚 / 1,000株以上 | 【1年未満保有】 各1枚 【1年以上保有	100	高			OK	OK	OK	通常掲載可	OK	OK
9678	カナモト	プライム（内国株式）	9050	サービス業	10	情報通信・サービスその他	6	TOPIX Small 1	5440.0	2.02	110.0	2.02	110.0	2.02	配当あり	いいえ	14.79	1.22	1863.8	5670.0	3150.0	Industrials	あり	カタログギフト: 500株以上 | 【1年以上保有】 北海道銘菓　2,000円相当 | ■継続保有期間について 保有株数および保有期間につきましては、同一株主番号であることを確認すると共に、各四半期末時点 （1月末、4月末、7月末、10月末）の保有株数（500株以上もしくは1,000株以上）を確認させていただきます。 / 1,000株以上 | 【1年以上保有】 カタログギフト　6,600円相当 【3年以上保有】 カタログギフト　12,100円相当	500	高			OK	OK	OK	通常掲載可	OK	OK
9679	ホウライ	スタンダード（内国株式）	9050	サービス業	10	情報通信・サービスその他	-	-	2300.0	1.04	24.0	1.04	24.0	1.04	配当あり	いいえ	16.03	1.38	96.4	2434.0	1664.0	Financial Services	あり	自社優待製品、ゴルフ優待: 100株以上 | 1、「ピュアミルクアイス5個セット」引換券１枚 | ※1、自社乳製品を試すことができる ※2、自社ゴルフ場で利用可能なプレー割引券（平日休日を問わずプレー料金を含む支払総額から 3,000円割引） / 300株以上 | 1、「ピュアミルクアイス5個セット」または「チーズケーキ2個セット」引換券１枚 2、「ゴルフ優待券」1枚 / 1,000株以上 | 1、「ピュアミルクアイス4個・チーズケーキ2個セット」引換券１枚 2、「ゴルフ優待券」2枚	100	高			OK	OK	OK	通常掲載可	OK	OK
9682	ＤＴＳ	プライム（内国株式）	5250	情報・通信業	10	情報通信・サービスその他	6	TOPIX Small 1	977.0	3.89	38.0	3.89	38.0	3.89	配当あり	いいえ	13.39	2.45	1544.8	1362.0	958.0	Technology	なし			高			OK	OK	OK	通常掲載可	OK	OK
9684	スクウェア・エニックス・ホールディングス	プライム（内国株式）	5250	情報・通信業	10	情報通信・サービスその他	4	TOPIX Mid400	2344.5	1.83	43.0	1.83	43.0	1.83	配当あり	いいえ	28.57	2.42	8454.7	3861.67	2325.0	Communication Services	あり	自社運営ストア・クーポン: 100株以上 | 【1年未満保有】 500円相当 【1年以上保有】 1,000円相当 【3年以上保有】 1,500円相当 | ■継続保有期間について 基準日（毎年 3 月末日）において、同一株主番号にて 2026 年 3 月31 日の株主名簿まで遡り、3 月末日（当該基準日を含む。）、6 月末日、9 月末日および 12 月末日の当社株主名簿に、各優待内容に応じた最小の保有株式数（100株、500 株、1,000 株）を下回ることなく連続して記録されていることを指します。 ※継続保有期間中に株式を追加取得したことにより、基準日における区分が変更された場合、基準日（毎年	100	高			OK	OK	OK	通常掲載可	OK	OK
9685	ＫＹＣＯＭホールディングス	スタンダード（内国株式）	5250	情報・通信業	10	情報通信・サービスその他	-	-	588.0	1.7	10.0	1.7	10.0	1.7	配当あり	いいえ	5.61	0.56	29.9	695.0	525.0	Technology	なし			高			OK	OK	OK	通常掲載可	OK	OK
9686	東洋テック	スタンダード（内国株式）	9050	サービス業	10	情報通信・サービスその他	-	-	1605.0	4.49	72.0	4.49	72.0	4.49	配当あり	いいえ	8.5	0.73	169.3	1900.0	1328.0	Industrials	あり	パートナーズ・ポイント: 500株以上 | 5,000ポイント | ※大丸松坂屋百貨店に委託。専用ウェブサイト、オペレーターによる電話での商品交換。食品、電化製品、旅行、及び体験ギフトなど 7,000点以上の商品とポイントを交換できる。 ※1ポイント≒1円相当。 ※ポイントの繰越は１回（次回）。 ■継続保有期間について 翌年3月末日まで株主名簿に同一株主番号で継続して500株以上お持ちの株主さまとして記載された場合にのみ繰越せます。 ■案内時期 5 月下旬に発送予定の「定時株主総会招集ご通知」に同封してご送付する予定。 / 600株以上 | 7,000ポイント / 700株以上 | 9,000	500	高			OK	OK	OK	通常掲載可	OK	OK
9687	ＫＳＫ	スタンダード（内国株式）	5250	情報・通信業	10	情報通信・サービスその他	-	-	4310.0	4.41	190.0	4.41	190.0	4.41	配当あり	いいえ	12.24	1.4	261.3	5810.0	3720.0	Technology	なし			高			OK	OK	OK	通常掲載可	OK	OK
9691	両毛システムズ	スタンダード（内国株式）	5250	情報・通信業	10	情報通信・サービスその他	-	-	5180.0	0.85	44.0	0.85	44.0	0.85	配当あり	いいえ	8.4	1.11	181.2	5420.0	2980.0	Technology	なし			高			OK	OK	OK	通常掲載可	OK	OK
9692	シーイーシー	プライム（内国株式）	5250	情報・通信業	10	情報通信・サービスその他	6	TOPIX Small 1	2059.0	4.13	85.0	4.13	85.0	4.13	配当あり	いいえ	12.44	1.51	642.6	2499.0	1864.0	Technology	なし			高			OK	OK	OK	通常掲載可	OK	OK
9697	カプコン	プライム（内国株式）	5250	情報・通信業	10	情報通信・サービスその他	4	TOPIX Mid400	2947.5	1.56	46.0	1.56	46.0	1.56	配当あり	いいえ	22.57	4.61	12329.7	5015.0	2736.0	Communication Services	なし			高			OK	OK	OK	通常掲載可	OK	OK
9698	クレオ	スタンダード（内国株式）	5250	情報・通信業	10	情報通信・サービスその他	-	-	1206.0	9.2	111.0	9.2	111.0	9.2	配当あり	いいえ	11.56	1.21	93.1	1297.0	1071.0	Technology	なし			高	高利回り要確認	配当利回りが8%以上	要確認	OK	要確認	手動確認後に掲載	OK_高利回り要確認	OK
9699	ニシオホールディングス	プライム（内国株式）	9050	サービス業	10	情報通信・サービスその他	6	TOPIX Small 1	3920.0	3.37	132.0	3.37	132.0	3.37	配当あり	いいえ	9.43	0.76	1088.3	4880.0	3650.0	Industrials	なし			高			OK	OK	OK	通常掲載可	OK	OK
9701	東京會舘	スタンダード（内国株式）	9050	サービス業	10	情報通信・サービスその他	-	-	4105.0	1.22	50.0	1.22	50.0	1.22	配当あり	いいえ	13.68	1.83	135.4	5490.0	3815.0	Consumer Cyclical	あり	優待食事券等: 100株以上 | 1枚 | ◆下記利用可能施設 1、如水会館 2、大手町LEVEL XXI 3、銀座スカイラウンジ 4、日比谷プロムナードビル 5、東京會舘本舘 6、東京會舘クッキングスクール（入会金　12,000円免除） / 300株以上 | 2枚 / 500株以上 | 4枚 / 1,000株以上 | 6枚 / 5,000株以上 | 8枚	100	高			OK	OK	OK	通常掲載可	OK	OK
9702	アイ・エス・ビー	プライム（内国株式）	5250	情報・通信業	10	情報通信・サービスその他	7	TOPIX Small 2	2295.0	3.05	70.0	3.05	70.0	3.05	配当あり	いいえ	18.31	1.81	263.4	2401.0	1350.0	Technology	なし			高			OK	OK	OK	通常掲載可	OK	OK
9704	アゴーラ　ホスピタリティー　グループ	スタンダード（内国株式）	9050	サービス業	10	情報通信・サービスその他	-	-	30.0						配当未取得		6.22	1.41	80.0	74.0	26.0	Consumer Cyclical	あり	株主優待割引券: 1,000株以上 | ※アゴーラ・グループホテル・旅館宿泊、レストラン（一部除く）で利用。割引率は施設により異なる。 ◇以下のサイトを確認してください。 https://www.agora.jp/group/shareholder.html	1000	高	配当未取得	1株配当が取得できていない	除外推奨	OK	除外推奨	掲載非推奨	OK_配当データ要確認	OK
9706	日本空港ビルデング	プライム（内国株式）	8050	不動産業	17	不動産	4	TOPIX Mid400	4909.0	1.94	95.0	1.94	95.0	1.94	配当あり	いいえ	15.62	2.17	4556.7	5830.0	4112.0	Industrials	あり	株主優待券、ＶＪＡギフトカード: 100株以上 | 1枚 | 1枚当たり1,000円相当 ※羽田空港旅客ターミナルビル内店舗など指定店舗にて利用可能。 / 1,000株以上 | 2枚 / 10,000株以上 | 3枚	100	高			OK	OK	OK	通常掲載可	OK	OK
9708	帝国ホテル	スタンダード（内国株式）	9050	サービス業	10	情報通信・サービスその他	-	-	1003.0	0.8	8.0	0.8	8.0	0.8	配当あり	いいえ	27.7	2.42	1186.8	1671.0	951.0	Consumer Cyclical	あり	ホテル利用券: 100株以上 | 1,000円相当 | ■継続保有期間について 基準日（3月末日）から過去に遡り、毎年3月31日時点の株主名簿に同一株主番号で記載され300株以上保有し、3月末日、9月末日を基準日とし、それぞれの株主名簿に連続して11回以上記載または記録されていることと定めさせていただきます。規定保有株式数の連続性が中断された場合には、継続保有要件を満たさないものとして取扱いいたします。 ■贈呈時期 定時株主総会終了後にお送りする「定時株主総会決議通知」に同封。 / 300株以上 | 【5年未満保有】 3,000円相当 【5年以上保有】 4,000円相当 / 1,000株以上 	100	高			OK	OK	OK	通常掲載可	OK	OK
9709	ＮＣＳ＆Ａ	スタンダード（内国株式）	5250	情報・通信業	10	情報通信・サービスその他	-	-	1182.0	4.91	58.0	4.91	58.0	4.91	配当あり	いいえ	8.92	1.29	176.8	1778.0	1104.0	Technology	なし			高			OK	OK	OK	通常掲載可	OK	OK
9713	ロイヤルホテル	スタンダード（内国株式）	9050	サービス業	10	情報通信・サービスその他	-	-	893.0	1.34	12.0	1.34	12.0	1.34	配当あり	いいえ	14.43	0.57	136.4	1097.0	870.0	Consumer Cyclical	あり	食事優待券、施設優待券: 100株以上 | 1、10枚 2、6枚 3、2枚 | ◇優待券の内容 1、宿泊優待券 （宿泊優待対象の部屋の素泊まり料金から15％割引） 2、飲食優待券 （飲食料金の20％割引） 3、婚礼優待券 （披露宴の料理・飲物の8%割引） 《送付時期・有効期間》 確定日3月末：6月定時株主総会終了後・12月31日まで 確定日9月末：12月中旬・7月10日まで / 200株以上 | 1、15枚 2、9枚 3、3枚 / 1,000株以上 | 1、20枚 2、12枚 3、4枚 / 5,000株以上 | 1、25枚 2、15枚 3、5枚 / 10,000株以上 | 1、30枚 2、18	100	高			OK	OK	OK	通常掲載可	OK	OK
9715	トランス・コスモス	プライム（内国株式）	9050	サービス業	10	情報通信・サービスその他	6	TOPIX Small 1	3600.0	8.06	290.0	8.06	290.0	8.06	配当あり	いいえ	11.0	1.05	1349.0	4150.0	3430.0	Technology	なし			高	高利回り要確認	配当利回りが8%以上	要確認	OK	要確認	手動確認後に掲載	OK_高利回り要確認	OK
9716	乃村工藝社	プライム（内国株式）	9050	サービス業	10	情報通信・サービスその他	6	TOPIX Small 1	1083.0	4.06	44.0	4.06	44.0	4.06	配当あり	いいえ	13.23	1.95	1208.5	1466.0	863.0	Industrials	なし			高			OK	OK	OK	通常掲載可	OK	OK
9720	ホテル、ニューグランド	スタンダード（内国株式）	9050	サービス業	10	情報通信・サービスその他	-	-	5150.0	0.49	25.0	0.49	25.0	0.49	配当あり	いいえ	30.21	1.54	60.8	7550.0	5150.0	Consumer Cyclical	あり	自社リゾートホテル宿泊割引、飲食割引等: 100株以上 | 【3年未満保有株主】 1,000円相当 【3年以上保有株主】 2,000円相当 | ※引換券は、ホテルニューグランドタワー館1階コンシェルジュデスクにて、記載の額面分をホテル利用券に引替えることで、金券として利用できる。(詳細については、引換券の裏面を確認すること。) ■継続保有期間について 保有年数3年以上とは、同一の株主番号で、5月31日および11月30日現在の株主名簿に7回以上連続で記載または記録された株主とさせていただきます。 / 500株以上 | 【3年未満保有株主】 2,000円相当 【3年以上保有株主】 4,000円相当	100	高			OK	OK	OK	通常掲載可	OK	OK
9722	藤田観光	プライム（内国株式）	9050	サービス業	10	情報通信・サービスその他	6	TOPIX Small 1	1852.0	1.08	20.0	1.08	20.0	1.08	配当あり	いいえ	12.0	2.8	1109.7	2832.0	1735.0	Consumer Cyclical	あり	ホテル宿泊・レストラン飲食・レジャー施設入場 割引優待券: 100株以上 | 1,000円相当（年間 2,000円相当） | ◇宿泊基本使用料、飲食料金、入場料金（1枚あたり10名まで）など販売料金より値引き。 ■贈呈時期 確定日6月末:9月上旬 確定日12月末:3月上旬 / 500株以上 | 15,000円相当（年間 30,000円相当） / 1,500株以上 | 25,000円相当（年間 50,000円相当） / 2,500株以上 | 30,000円相当（年間 60,000円相当）	100	高			OK	OK	OK	通常掲載可	OK	OK
9723	京都ホテル	スタンダード（内国株式）	9050	サービス業	10	情報通信・サービスその他	-	-	627.0	0.48	3.0	0.48	3.0	0.48	配当あり	いいえ	9.07	3.38	75.6	701.0	610.0	Consumer Cyclical	あり	自社ホテル宿泊優待券: 100株以上 | ・宿泊10％割引券 5枚 ・飲食20％割引券 5枚 ・通販20％割引クーポンコード | ■適用時期：毎年6月に開催予定の定時株主総会終了後、順次発送。 《利用可能期間》 2026年6月～2027年6月30日 ※利用除外日設定有 / 500株以上 | ・宿泊10％割引券 5枚 ・飲食20％割引券 5枚 ・通販20％割引クーポンコード ・利用券（宿泊・レストラン）10枚／10,000円相当 / 1,000株以上 | ・宿泊10％割引券 15枚 ・宿泊20％割引券  5枚 ・宿泊30％割引券  1枚 ・飲食20％割引券 20枚 ・婚礼10％割引券  2枚 ・	100	高			OK	OK	OK	通常掲載可	OK	OK
9726	ＫＮＴ－ＣＴホールディングス	スタンダード（内国株式）	9050	サービス業	10	情報通信・サービスその他	7	TOPIX Small 2	1846.0	1.08	20.0	1.08	20.0	1.08	配当あり	いいえ	5.76	0.81	504.3	2116.0	993.0	Consumer Cyclical	あり	自社主催旅行優待券: 100株以上 | 2枚(年間 4枚) | ■「クラブツーリズムの旅」「近畿日本ツーリスト 日本の旅」「近畿日本ツーリスト 海外ツアー」「近畿日本ツーリスト ダイナミックパッケージ」の各企画旅行商品に有効 ・ツアー本体価格（1枚の場合） 30,000円以上…1,500円割引 50,000円以上…2,500円割引 100,000円以上…5,000円割引 200,000円以上…10,000円割引 ・ツアー本体価格（2枚の場合） 300,000円以上…15,000円割引 400,000円以上…20,000円割引 ■贈呈時期 確定日9月末:12月上旬 確定日3月末:6月中旬	100	高			OK	OK	OK	通常掲載可	OK	OK
9729	トーカイ	プライム（内国株式）	9050	サービス業	10	情報通信・サービスその他	7	TOPIX Small 2	2339.0	3.42	80.0	3.42	80.0	3.42	配当あり	いいえ	12.59	0.86	722.4	2866.0	2075.0	Industrials	あり	自社製品、地域特産品: 100株以上 | 【1年未満保有株主】 トーカイオリジナルカレー 3人前（1,000円相当） 【1年以上保有株主】 ◆以下より1点を選択 1、トーカイオリジナルカレー 3人前（1,000円相当） 2、岐阜県の名産品 1品（1,000円相当） | ■継続保有期間について 保有期間1年以上とは、毎年3月31日に確定する当社株主名簿に同一の株主番号で2回以上連続して記載または記録されることといたします。 ■贈呈時期 毎年6月開催予定の定時株主総会終了後、株主優待に関するご案内およびお申込み書類を発送。申込み商品の発送は8月下旬以降。 / 1,000株以上 | 【1年未満保有株	100	高			OK	OK	OK	通常掲載可	OK	OK
9731	白洋舎	スタンダード（内国株式）	9050	サービス業	10	情報通信・サービスその他	-	-	3500.0	2.86	100.0	2.86	100.0	2.86	配当あり	いいえ	6.22	1.0	131.3	3890.0	3025.0	Consumer Cyclical	あり	株主優待券、QUOカード、寄付: 100株以上 | ◆以下より1点を選択 1、クリーニング優待券・3割引券 【半年以上保有】 100株以上 クリーニング無料券 1枚 クリーニング3割引券 1枚 無料券は200株ごとに1枚、3割引券は100株ごとに1枚追加 30,000株超過分は、無料券は500株ごとに1枚、3割引券は100株ごとに1枚追加 【3年以上保有】 200株以上　無料券 1枚追加 500株以上　無料券 2枚追加 1,000株以上　無料券 3枚追加 2、QUOカード 【半年以上保有】 100株以上　500円相当 1,000株以上　1,000円相当 5,000株以上　2,000円相当 ※社	100	高			OK	OK	OK	通常掲載可	OK	OK
9733	ナガセ	スタンダード（内国株式）	9050	サービス業	10	情報通信・サービスその他	-	-	2267.0	5.29	120.0	5.29	120.0	5.29	配当あり	いいえ	14.99	1.62	596.8	2877.0	1878.0	Consumer Defensive	なし			高			OK	OK	OK	通常掲載可	OK	OK
9735	セコム	プライム（内国株式）	9050	サービス業	10	情報通信・サービスその他	2	TOPIX Large70	6398.0	1.88	120.0	1.88	120.0	1.88	配当あり	いいえ	23.15	1.97	25794.3	6700.0	5065.0	Industrials	あり	防災商品: 100株以上 | 【3年未満保有】 3,000円相当 【3年以上保有】 3,000円相当 | ■継続保有期間について 「継続保有期間3年以上」とは、優待基準日の時点で、株主名簿基準日（毎年3月31日および9月30日）の当社株主名簿に、各記「保有株式数」の株式を保有する株主として、同一の株主番号で、優待基準日から遡って連続して7回以上記録されたことをいいます。 / 200株以上 | 【3年未満保有】 8,500円相当 【3年以上保有】 10,000円相当 / 400株以上 | 【3年未満保有】 16,000円相当 【3年以上保有】 21,000円相当 / 600株以上 | 【3年未満	100	高			OK	OK	OK	通常掲載可	OK	OK
9739	ＮＳＷ	プライム（内国株式）	5250	情報・通信業	10	情報通信・サービスその他	7	TOPIX Small 2	2542.0	5.11	130.0	5.11	130.0	5.11	配当あり	いいえ	10.2	1.0	378.7	2780.0	2287.0	Technology	なし			高			OK	OK	OK	通常掲載可	OK	OK
9740	セントラル警備保障	プライム（内国株式）	9050	サービス業	10	情報通信・サービスその他	7	TOPIX Small 2	2538.0	2.4	61.0	2.4	61.0	2.4	配当あり	いいえ	14.51	0.86	355.4	3350.0	2201.0	Industrials	なし			高			OK	OK	OK	通常掲載可	OK	OK
9742	アイネス	プライム（内国株式）	5250	情報・通信業	10	情報通信・サービスその他	7	TOPIX Small 2	2101.0	2.38	50.0	2.38	50.0	2.38	配当あり	いいえ		1.18	437.5	2266.0	1544.0	Technology	なし			高			OK	OK	OK	通常掲載可	OK	OK
9743	丹青社	プライム（内国株式）	9050	サービス業	10	情報通信・サービスその他	6	TOPIX Small 1	1333.0	5.4	72.0	5.4	72.0	5.4	配当あり	いいえ	10.5	1.68	630.8	1671.0	1282.0	Industrials	なし			高			OK	OK	OK	通常掲載可	OK	OK
9744	メイテックグループホールディングス	プライム（内国株式）	9050	サービス業	10	情報通信・サービスその他	4	TOPIX Mid400	3069.0	5.9	181.0	5.9	181.0	5.9	配当あり	いいえ	15.75	4.86	2369.5	3718.0	2952.5	Industrials	なし			高			OK	OK	OK	通常掲載可	OK	OK
9746	ＴＫＣ	プライム（内国株式）	5250	情報・通信業	10	情報通信・サービスその他	6	TOPIX Small 1	3375.0	3.26	110.0	3.26	110.0	3.26	配当あり	いいえ	12.55	1.56	1680.6	4635.0	3310.0	Technology	なし			高			OK	OK	OK	通常掲載可	OK	OK
9753	アイエックス・ナレッジ	スタンダード（内国株式）	5250	情報・通信業	10	情報通信・サービスその他	-	-	1286.0	3.89	50.0	3.89	50.0	3.89	配当あり	いいえ	1.22	1.06	123.1	1710.0	1088.0	Technology	なし			高			OK	OK	OK	通常掲載可	OK	OK
9755	応用地質	プライム（内国株式）	9050	サービス業	10	情報通信・サービスその他	7	TOPIX Small 2	2862.0	3.84	110.0	3.84	110.0	3.84	配当あり	いいえ	15.13	0.83	652.2	3330.0	2587.0	Industrials	あり	プレミアム優待倶楽部ポイント: 200株以上 | 【1年未満保有】 2,000ポイント 【1年以上保有】 2,200ポイント | ◇特設ウェブサイト「応用地質・プレミアム優待倶楽部」において、お米やブランド牛などのこだわりグルメ、スイーツや飲料類、銘酒、電化製品、選べる体験ギフトに加え、Amazonギフトカードなど5,000種類以上の商品から選択いただけます。 進呈条件：2026年６月末以降、毎年６月末日・12月末日の株主名簿に、記載された200株以上保有する株主様を対象といたします。 ※1ポイント≒1円相当。 繰越条件：ポイントは、６月末日・12月末日において株主名簿に同一株主番号で連続２回	200	高			OK	OK	OK	通常掲載可	OK	OK
9757	船井総研ホールディングス	プライム（内国株式）	9050	サービス業	10	情報通信・サービスその他	6	TOPIX Small 1	1082.0	4.44	48.0	4.44	48.0	4.44	配当あり	いいえ	15.5	3.88	986.5	1325.0	1041.0	Industrials	あり	QUOカード: 100株以上 | 500円相当 | ■贈呈時期 確定日6月末：8月下旬 確定日12月末：翌年3月下旬 / 1,000株以上 | 1,000円相当 / 5,000株以上 | 5,000円相当 / 10,000株以上 | 10,000円相当	100	高			OK	OK	OK	通常掲載可	OK	OK
9759	ＮＳＤ	プライム（内国株式）	5250	情報・通信業	10	情報通信・サービスその他	4	TOPIX Mid400	2410.5	4.02	97.0	4.02	97.0	4.02	配当あり	いいえ	14.14	2.48	1827.1	3670.0	2378.0	Technology	あり	株主優待ポイント: 100株以上 | 【1年未満保有株主】 1,000円相当のQUOカード 【１年以上保有株主】 1,500円相当のQUOカード 【３年以上保有株主】 2,000ポイント | 株主優待サイトからポイントに 応じて約100種類 のグルメ商品、日用雑貨などから希望の商品と交換できる。 ※ポイントは、発行から3年間繰り越して利用できる。 ■継続保有期間について 優待ポイントの付与基準日（9月30日）から遡及して、同一の株主番号で継続して当社株式を保有している期間をいいます。なお、証券会社の貸株サービスを利用された場合は、株主番号が変わることがありますので、ご注意ください。 / 400	100	高			OK	OK	OK	通常掲載可	OK	OK
9760	進学会ホールディングス	スタンダード（内国株式）	9050	サービス業	10	情報通信・サービスその他	-	-	113.0	2.21	2.5	1.67	2.5	2.21	配当あり	いいえ		0.26	18.8	180.0	108.0	Industrials	あり	自社グループ受講優待券、QUOカード: 100株以上 | 3,000円相当 | ※学習塾、スポーツクラブで利用可能。 / 1,000株以上 | 6,000円相当	100	高			OK	OK	OK	通常掲載可	OK	OK
9761	東海リース	スタンダード（内国株式）	9050	サービス業	10	情報通信・サービスその他	-	-	2212.0	5.42	120.0	5.42	120.0	5.42	配当あり	いいえ	10.59	0.44	76.6	2739.0	2085.0	Real Estate	なし			高			OK	OK	OK	通常掲載可	OK	OK
9763	丸建リース	スタンダード（内国株式）	6050	卸売業	13	商社・卸売	-	-	1183.0	4.56	54.0	4.56	54.0	4.56	配当あり	いいえ	8.28	0.62	112.6	1683.33	1000.0	Industrials	なし			高			OK	OK	OK	通常掲載可	OK	OK
9765	オオバ	プライム（内国株式）	9050	サービス業	10	情報通信・サービスその他	-	-	1096.0	4.01	44.0	4.01	44.0	4.01	配当あり	いいえ	13.09	1.27	173.4	1322.0	1016.0	Industrials	あり	QUOカード、チョコレート菓子: 100株以上 | 【1年以上保有】 500円相当 【3年以上保有】 800円相当 | ■継続保有期間について 「1年以上継続して保有されている株主様」とは、毎年5月末日現在を基準として、同一株主番号で、そのすべての基準日（5月末日、8月末日、11月末日、2月末日および5月末日）現在の株主名簿に、5回以上連続で記載または記録された株主様といたします。 「3年以上継続して保有されている株主様」とは、毎年5月末日現在を基準として、同一株主番号で、そのすべての基準日（5月末日、8月末日、11月末日、2月末日および5月末日）現在の株主名簿に、13回以上連続で記載または記	100	高			OK	OK	OK	通常掲載可	OK	OK
9766	コナミグループ	プライム（内国株式）	5250	情報・通信業	10	情報通信・サービスその他	4	TOPIX Mid400	17280.0	1.3	224.0	1.3	224.0	1.3	配当あり	いいえ	23.42	4.15	23424.2	26645.0	16850.0	Communication Services	なし			高			OK	OK	OK	通常掲載可	OK	OK
9767	日建工学	スタンダード（内国株式）	9050	サービス業	10	情報通信・サービスその他	-	-	1505.0	1.99	30.0	1.99	30.0	1.99	配当あり	いいえ	9.76	0.56	27.4	2125.0	1331.0	Industrials	なし			高			OK	OK	OK	通常掲載可	OK	OK
9768	いであ	スタンダード（内国株式）	9050	サービス業	10	情報通信・サービスその他	-	-	3350.0	3.52	118.0	3.52	118.0	3.52	配当あり	いいえ	10.04	0.78	239.2	4860.0	2990.0	Industrials	なし			高			OK	OK	OK	通常掲載可	OK	OK
9769	学究社	プライム（内国株式）	9050	サービス業	10	情報通信・サービスその他	7	TOPIX Small 2	2508.0	5.18	130.0	5.18	130.0	5.18	配当あり	いいえ	14.75	3.34	272.6	2627.0	2190.0	Consumer Defensive	あり	デジタルギフト: 100株以上 | 【1年以上保有】 1,000円相当 | ◇対象となる交換先：Amazon ギフトカード / QUO カード Pay / PayPay マネーライト / d ポイント / au PAY ギフトカード / Google Play ギフトコード / Uber Eats ギフトカード / 楽天ポイントギフト / Apple Gift　Card / ビットコイン by bitFlyer / ビットコイン by CoinTrade 他 ■継続保有期間について 毎年３月末日とその前年の３月末日及び９月末日現在の株主名簿において、当社株式１単元（100株）以上を継続して保有	100	高			OK	OK	OK	通常掲載可	OK	OK
9778	昴	スタンダード（内国株式）	9050	サービス業	10	情報通信・サービスその他	-	-	5470.0	2.19	120.0	2.19	120.0	2.19	配当あり	いいえ	79.37	0.95	32.4	7390.0	5380.0	Consumer Defensive	あり	QUOカード、果物: 100株以上 | 3,000円相当 | ■贈呈時期 毎年5月の定時株主総会終了後。 / 500株以上 | 5,000円相当	100	高			OK	OK	OK	通常掲載可	OK	OK
9780	ハリマビステム	スタンダード（内国株式）	9050	サービス業	10	情報通信・サービスその他	-	-	891.0	4.04	36.0	4.04	36.0	4.04	配当あり	いいえ	7.9	0.82	79.4	1055.0	802.0	Industrials	なし			高			OK	OK	OK	通常掲載可	OK	OK
9782	ディーエムエス	スタンダード（内国株式）	9050	サービス業	10	情報通信・サービスその他	-	-	3305.0	7.02	232.0	7.02	232.0	7.02	配当あり	いいえ	16.47	1.33	179.3	4090.0	2810.0	Communication Services	なし			高			OK	OK	OK	通常掲載可	OK	OK
9788	ナック	プライム（内国株式）	9050	サービス業	10	情報通信・サービスその他	7	TOPIX Small 2	502.0	6.77	34.0	6.77	34.0	6.77	配当あり	いいえ	12.87	0.91	210.0	568.0	478.0	Industrials	あり	自社優待品: 100株以上 | ◆贈呈商品番号 ① | ◆優待商品内容（2026年3月） ① 薬用マイクロバブルローション（100ml） ②マイクロバブルローションつめかえ用（100ml） ③マイクロバブルミルク（70g） ■贈呈時期 7月上旬予定 / 300株以上 | ◆贈呈商品番号 ①、② / 500株以上 | ◆贈呈商品番号 ①、②、③	100	高			OK	OK	OK	通常掲載可	OK	OK
9790	福井コンピュータホールディングス	プライム（内国株式）	5250	情報・通信業	10	情報通信・サービスその他	7	TOPIX Small 2	3075.0	2.5	77.0	2.5	77.0	2.5	配当あり	いいえ	14.75	2.11	635.8	3485.0	2893.0	Technology	なし			高			OK	OK	OK	通常掲載可	OK	OK
9791	ビケンテクノ	スタンダード（内国株式）	9050	サービス業	10	情報通信・サービスその他	-	-	1121.0	3.21	36.0	3.21	36.0	3.21	配当あり	いいえ	5.95	0.37	84.6	1481.0	950.0	Industrials	あり	デジタルギフト: 1,000株以上 | 2,500円相当 | ■贈呈時期 基準日から3カ月以内	1000	高			OK	OK	OK	通常掲載可	OK	OK
9793	ダイセキ	プライム（内国株式）	9050	サービス業	10	情報通信・サービスその他	6	TOPIX Small 1	3930.0	2.19	86.0	2.19	86.0	2.19	配当あり	いいえ	20.37	2.27	1858.3	4425.0	3070.0	Industrials	なし			高			OK	OK	OK	通常掲載可	OK	OK
9795	ステップ	プライム（内国株式）	9050	サービス業	10	情報通信・サービスその他	7	TOPIX Small 2	2237.0	3.93	88.0	3.93	88.0	3.93	配当あり	いいえ	12.8	1.25	346.6	2620.0	2156.0	Consumer Defensive	あり	オリジナルQUOカード: 100株以上 | 【6ヵ月未満保有株主】 500円相当 【6ヵ月以上保有株主】 1,000円相当 【1年以上有株主】 1,500円相当 【2年以上有株主】 2,000円相当 | ■継続保有期間について 100株以上の株式を取得したことが株主名簿に記載または記録された日から基準日まで継続して保有した期間（回数）を言います。 6カ月以上継続保有：連続して2回以上 1年以上継続保有：連続して3回以上 2年以上継続保有：連続して5回以上 / 500株以上 | 【6ヵ月未満保有株主】 1,000円相当 【6ヵ月以上保有株主】 2,000円相当 【1年以上有株主】 2,500円相	100	高			OK	OK	OK	通常掲載可	OK	OK
9799	旭情報サービス	スタンダード（内国株式）	5250	情報・通信業	10	情報通信・サービスその他	-	-	865.0	3.93	34.0	3.93	34.0	3.93	配当あり	いいえ	10.5	1.09	131.6	1409.0	825.0	Technology	あり	カタログギフト: 1,000株以上 | 3,000円相当 | ◇カタログギフトe-book：商品お申込みサイトへアクセスし、Webサイト上でお好みのアイテムを選びお申込みができます。 ※受取辞退に伴う寄付を実施（優待品に代えてその相当金額を日本赤十字社へ寄付いたします） ■発送時期 5月頃 / 2,000株以上 | 7,000円相当 / 3,000株以上 | 10,000円相当	1000	高			OK	OK	OK	通常掲載可	OK	OK
9812	テーオーホールディングス	スタンダード（内国株式）	6100	小売業	14	小売	-	-	220.0	0.23	0.5	0.22	0.5	0.23	配当あり	いいえ		6.1	14.1	344.0	219.0	Basic Materials	なし			高			OK	OK	OK	通常掲載可	OK	OK
9816	ストライダーズ	スタンダード（内国株式）	8050	不動産業	17	不動産	-	-	232.0	4.31	10.0	4.31	10.0	4.31	配当あり	いいえ	9.86	0.73	20.6	384.0	228.0	Real Estate	あり	ホテル利用券、クーポン: 100株以上 | 1,000円相当 | ◇EC サイト及びホテルで利用できる割引クーポン券（EC サイト「北陸マルシェ」、 成田ゲートウェイホテル、ホテル・アローレ）年2回配布。 ※ ホテルでの宿泊券利用については、事前に各ホテルへの電話予約が必要。 ■贈呈時期 毎年 6 月下旬、12 月下旬の発送を予定 / 500株以上 | 2,000円相当 / 1,000株以上 | 3,000円相当 / 10,000株以上 | 5,000円相当	100	高			OK	OK	OK	通常掲載可	OK	OK
9818	大丸エナウィン	スタンダード（内国株式）	6050	卸売業	13	商社・卸売	-	-	1563.0	1.86	29.0	1.86	29.0	1.86	配当あり	いいえ	12.48	0.75	120.0	2547.0	1439.0	Utilities	あり	QUOカード、カタログギフト: 100株以上 | QUOカード 1,000円相当 | ※各地の名産、名店の食品など ■贈呈時期 毎年5月 / 1,000株以上 | カタログギフト※ 5,000円相当	100	高			OK	OK	OK	通常掲載可	OK	OK
9820	エムティジェネックス	スタンダード（内国株式）	8050	不動産業	17	不動産	-	-	3500.0	1.14	40.0	1.14	40.0	1.14	配当あり	いいえ	11.96	0.86	37.7	4290.0	2830.0	Industrials	あり	QUOカード: 100株以上 | 2,000円相当 | ■贈呈時期 基準日から3カ月以内	100	高			OK	OK	OK	通常掲載可	OK	OK
9823	マミーマートホールディングス	スタンダード（内国株式）	6100	小売業	14	小売	-	-	1000.0	2.24	22.4	2.24	22.4	2.24	配当あり	いいえ	9.27	1.11	500.2	1803.0	974.0	Consumer Defensive	あり	買物優待券、自社商品詰合せ: 100株以上 | 【1年以上保有】※ 買物優待券 10枚 1,000円相当 | ※買物優待券は、1,000円の買物につき、1枚利用可能（1枚当たり100円相当） ■継続保有期間について 毎年3月31日および9月30日現在の当社株主名簿に、同一株主番号で、連続して1年以上記録されること。 ※長期保有条件の特例措置 2025年９月末時点の株主名簿に 100 株未満で記載または記録があり、2025 年10月以降に株式分割や買い増し等で、2026 年 3 月末時点の株主名簿に記載または記録された株式数が、100 株から 499 株の場合：2026年3月末時点より贈呈。 2	100	高			OK	OK	OK	通常掲載可	OK	OK
9824	泉州電業	プライム（内国株式）	6050	卸売業	13	商社・卸売	6	TOPIX Small 1	7080.0	2.26	160.0	2.26	160.0	2.26	配当あり	いいえ	16.21	1.96	1210.0	7450.0	4080.0	Technology	あり	オリジナルQUOカード: 100株以上 | 【1年未満保有】 1,000円相当 【1年以上保有】 2,000円相当 | ■継続保有期間について 継続保有期間1年以上とは、4月末日および10月末日の株主名簿に同一株主番号で3回以上連続して記載または記録されていることといたします。 ■贈呈時期 毎年1回、1月の定時株主総会後に送付。	100	高			OK	OK	OK	通常掲載可	OK	OK
9827	リリカラ	スタンダード（内国株式）	6050	卸売業	13	商社・卸売	-	-	601.0	5.99	36.0	5.99	36.0	5.99	配当あり	いいえ	14.16	0.96	74.0	732.0	580.0	Consumer Cyclical	なし			高			OK	OK	OK	通常掲載可	OK	OK
9828	Ｇｅｎｋｉ　Ｇｌｏｂａｌ　Ｄｉｎｉｎｇ　Ｃｏｎｃｅｐｔｓ	スタンダード（内国株式）	6100	小売業	14	小売	6	TOPIX Small 1	3050.0	2.3	70.0	2.3	70.0	2.3	配当あり	いいえ	15.43	2.77	538.6	4275.0	2571.0	Consumer Cyclical	あり	優待食事券（電子チケット）: 100株以上 | 【1年未満保有】 2枚（年間 4枚／2,000円相当） 【1年以上保有】 2枚（年間 4枚／2,000円相当） | ※1枚当たり500円相当 ◇元気寿司および、グルメ杵屋グループ、JBイレブンの各店で利用可能。 （※一部店舗除く） ■継続保有期間について 同一の株主番号で3月末日及び9月末日時点の当社株主名簿に、基準日を含めて連続3回以上記載又は記録された株主様といたします。 / 200株以上 | 【1年未満保有】 4枚（年間 8枚／4,000円相当） 【1年以上保有】 5枚（年間 10枚／5,000円相当） / 1,000株以上 | 【1年未満	100	高			OK	OK	OK	通常掲載可	OK	OK
9830	トラスコ中山	プライム（内国株式）	6050	卸売業	13	商社・卸売	6	TOPIX Small 1	2248.0	2.6	58.5	2.6	58.5	2.6	配当あり	いいえ	9.34	0.79	1482.3	2752.0	2033.0	Industrials	なし			高			OK	OK	OK	通常掲載可	OK	OK
9831	ヤマダホールディングス	プライム（内国株式）	6100	小売業	14	小売	4	TOPIX Mid400	656.1	2.59	17.0	2.59	17.0	2.59	配当あり	いいえ	30.12	0.69	4359.3	696.8	441.0	Consumer Cyclical	あり	自社優待割引券: 100株以上 | 500円相当（1枚） | ※1枚当たり500円相当 ※買物金額税込1,000円 以上につき1,000円 ごとに1枚使用可能。 ■贈呈時期 6月下旬 / 500株以上 | 2,000円相当（4枚） / 1,000株以上 | 5,000円相当（10枚） / 10,000株以上 | 25,000円相当（50枚）	100	高			OK	OK	OK	通常掲載可	OK	OK
9832	オートバックスセブン	プライム（内国株式）	6050	卸売業	13	商社・卸売	6	TOPIX Small 1	1463.0	4.1	60.0	4.1	60.0	4.1	配当あり	いいえ	13.76	0.84	1148.9	1785.0	1426.0	Consumer Cyclical	あり	オートバックスグループVポイント: 100株以上 | 【1年以上保有株主】 1,000ポイント | ※保有期間1年以上の株主を対象 「オートバックスグループVポイント」（1ポイント＝1円分）は日本国内のオートバックスグループ各店で利用頂けます。（有効期限：ポイント付与から1年） ■継続保有期間について 保有期間の確認に当たっては3月末日及び9月末日の株主名簿に連続して記載される同一の株主番号の回数を基準といたします。 1年以上継続保有：連続して3回以上 3年以上継続保有：連続して7回以上 / 300株以上 | 【1年以上保有株主】 3,000円ポイント / 700株以上 | 【1年以上3年未満	100	高			OK	OK	OK	通常掲載可	OK	OK
9835	ジュンテンドー	スタンダード（内国株式）	6100	小売業	14	小売	-	-	514.0	1.95	10.0	1.95	10.0	1.95	配当あり	いいえ		0.38	41.7	528.0	481.0	Consumer Cyclical	あり	QUOカード（デジタルギフト）: 100株以上 | 【1年以上保有株主】 1,000円相当 | ◇対象となる交換先：Paypay マネーライト/d ポイント/au PAY/楽天ポイント/QUO カード ■継続保有期間について 保有期間1年以上継続とは「基準日（2月末）とその前年の基準日（2月末）及び8月末に、株主名簿に同一株主番号で100株以上の保有記録が連続して記載、または記録されていること」といたします。	100	高			OK	OK	OK	通常掲載可	OK	OK
9837	モリト	プライム（内国株式）	6050	卸売業	13	商社・卸売	7	TOPIX Small 2	1756.0	4.1	72.0	4.1	72.0	4.1	配当あり	いいえ	15.7	1.1	438.5	2121.0	1361.0	Consumer Cyclical	なし			高			OK	OK	OK	通常掲載可	OK	OK
9842	アークランズ	プライム（内国株式）	6100	小売業	14	小売	6	TOPIX Small 1	1892.0	2.11	40.0	2.11	40.0	2.11	配当あり	いいえ	14.62	0.93	1188.6	2047.0	1671.0	Consumer Cyclical	あり	食事・優待券: 100株以上 | 2枚／1,100円相当 | ※1枚500円相当 ※「かつや」、「からやま」での食事や「ムサシ」、「ビバホーム」をはじめとした小売店舗での利用が可能。 / 200株以上 | 4枚／2,200円相当 / 1,000株以上 | 20枚／11,000円相当	100	高			OK	OK	OK	通常掲載可	OK	OK
9843	ニトリホールディングス	プライム（内国株式）	6100	小売業	14	小売	4	TOPIX Mid400	2440.0	1.31	32.0	1.31	32.0	1.31	配当あり	いいえ	15.46	1.39	13787.4	3493.0	2216.5	Consumer Cyclical	あり	自社商品割引: 500株以上 | 【1年未満保有株主】 5枚 【1年以上保有株主】 10枚 | ※1、10%割引 ※2、1枚当たりの上限金額は10万円。 ■継続保有期間について 1年以上とは、毎年3月31日（基準日）、毎年9月30日の当社の株主名簿に同一の株主番号の株主様として連続3回以上記載または記録され、かつ同期間の保有株式数が継続して所定の株式数以上であることを条件といたします。 ■贈呈時期 定時株主総会招集ご通知に同封。 / 2,500株以上 | 【1年未満保有株主】 5枚 【1年以上保有株主】 15枚	500	高			OK	OK	OK	通常掲載可	OK	OK
9845	パーカーコーポレーション	スタンダード（内国株式）	3200	化学	4	素材・化学	-	-	1355.0	3.91	53.0	3.91	53.0	3.91	配当あり	いいえ	7.23	0.67	339.1	1754.0	879.0	Industrials	なし			高			OK	OK	OK	通常掲載可	OK	OK
9846	天満屋ストア	スタンダード（内国株式）	6100	小売業	14	小売	-	-	989.0	2.02	20.0	2.02	20.0	2.02	配当あり	いいえ	8.41	0.41	113.6	1005.0	949.0	Consumer Defensive	あり	天満屋ギフトカード、ＶＪＡギフトカード: 100株以上 | ◆以下より1点を選択 1、天満屋ギフトカード 1枚 1,000円相当(年間 2,000円相当) 2、ＶＪＡギフトカード 1,000円相当(年間 2,000円相当) | ※商品券、その他自社指定の商品は対象外。 ■贈呈時期 確定日8月末：11月上旬 確定日2月末：5月下旬 / 500株以上 | ◆以下より1点を選択 1、天満屋ギフトカード 1枚 2,000円相当(年間 4,000円相当) 2、ＶＪＡギフトカード 1,000円相当(年間 2,000円相当) / 1,000株以上 | ◆以下より1点を選択 1、天満屋ギフトカード 1枚 3,	100	高			OK	OK	OK	通常掲載可	OK	OK
9849	共同紙販ホールディングス	スタンダード（内国株式）	6050	卸売業	13	商社・卸売	-	-	4455.0	2.24	100.0	2.24	100.0	2.24	配当あり	いいえ	80.0	0.76	30.1	4750.0	4420.0	Industrials	あり	家庭用紙製品（ティッシュ等）: 100株以上 | 3月分（3,000円相当） 9月分（1,500円相当）	100	高			OK	OK	OK	通常掲載可	OK	OK
9850	グルメ杵屋	プライム（内国株式）	6100	小売業	14	小売	7	TOPIX Small 2	944.0	0.74	7.0	0.74	7.0	0.74	配当あり	いいえ	96.13	2.31	215.9	1034.0	928.0	Consumer Cyclical	あり	優待食事券（電子チケット）: 100株以上 | 2枚（年間 4枚） | ※1、1枚当たり500円券 ※2、利用可能店舗 グルメ杵屋グループの店舗、元気寿司の店舗、JBイレブンの店舗 ※3、優待券を返送することで「半生うどん・そば・おせち料理」と交換が可能 ※4、優待券1枚と「水間鉄道1日フリー乗車証（電車）」、優待券2枚と「水間鉄道1日フリー乗車証（電車・バス）」と交換が可能 ■継続保有期間について 3年以上継続保有とは、毎年3月31日もしくは9月30日における当社株主名簿に、同一の株主番号で3年（連続7回）以上記載または記録されることを表します。 / 1,000株以上 | 20枚（年間 40	100	高			OK	OK	OK	通常掲載可	OK	OK
9853	銀座ルノアール	スタンダード（内国株式）	6100	小売業	14	小売	-	-	900.0	1.11	10.0	1.11	10.0	1.11	配当あり	いいえ	34.36	1.72	55.0	975.0	895.0	Consumer Cyclical	あり	優待食事券、自社製品: 100株以上 | 1,000円相当 | ※利用対象店舗 喫茶室ルノアール、ニューヨーカーズ・カフェ、カフェ・ルノアール、ミヤマ珈琲、BAKERY HINATA、アリーヌ カフェ エ シュクルリ各店 ※店舗併設の貸会議室マイ・スペース、個人空間マイ・ブースも利用可能。 《発送時期・有効期間》 株主総会終了後（決議ご通知と同封）・翌年6月30日迄 / 500株以上 | 5,000円相当 / 1,000株以上 | 10,000円相当	100	高			OK	OK	OK	通常掲載可	OK	OK
9854	愛眼	スタンダード（内国株式）	6100	小売業	14	小売	-	-	268.0						配当未取得		33.46	0.42	52.0	298.0	150.0	Consumer Cyclical	あり	買物割引券: 100株以上 | 1枚 | ※1、特別限定品は20％割引とする。 ※2、他の割引券および優待券との併用は出来ない。 / 500株以上 | 2枚	100	高	配当未取得	1株配当が取得できていない	除外推奨	OK	除外推奨	掲載非推奨	OK_配当データ要確認	OK
9856	ケーユーホールディングス	スタンダード（内国株式）	6100	小売業	14	小売	7	TOPIX Small 2	1137.0	5.1	58.0	5.1	58.0	5.1	配当あり	いいえ	6.78	0.51	356.5	1347.0	1116.0	Consumer Cyclical	なし			高			OK	OK	OK	通常掲載可	OK	OK
9857	英和	スタンダード（内国株式）	6050	卸売業	13	商社・卸売	-	-	2407.0	3.99	96.0	3.99	96.0	3.99	配当あり	いいえ	7.36	0.8	152.3	2859.0	2290.0	Industrials	あり	オリジナルQUOカード: 100株以上 | 【保有年数3年未満】 500円相当 【保有年数3年以上】 1,000円相当 | ■贈呈時期 当社定時株主総会終了後の6月下旬に発送。 ■継続保有期間について 「継続保有3年以上」とは、当社株主名簿に同一株主番号で継続して3年以上記載されることとします。 / 500株以上 | 【保有年数3年未満】 1,000円相当 【保有年数3年以上】 2,000円相当	100	高			OK	OK	OK	通常掲載可	OK	OK
9861	吉野家ホールディングス	プライム（内国株式）	6100	小売業	14	小売	4	TOPIX Mid400	3060.0	0.72	22.0	0.72	22.0	0.72	配当あり	いいえ	42.37	2.91	1980.6	3496.0	2963.0	Consumer Cyclical	あり	買物優待券: 100株以上 | 4枚(年間 8枚) | ※1枚500円サービス券。 施設・会計額に応じ、複数枚の利用が可能。 【利用可能施設】 https://www.yoshinoya-holdings.com/group/shop/ ■贈呈時期 確定日2月末:5月上旬 確定日8月末:11月中旬 / 200株以上 | 10枚(年間 20枚) ◇「商品詰め合わせＡセット」との交換が可能。 / 1,000株以上 | 12枚(年間 24枚) ◇「商品詰め合わせＢセット」との交換が可能。 / 2,000株以上 | 24枚(年間 48枚) ◇「商品詰め合わせＢ・2セット」との交換が可能。	100	高			OK	OK	OK	通常掲載可	OK	OK
9867	ソレキア	スタンダード（内国株式）	6050	卸売業	13	商社・卸売	-	-	10190.0	0.69	70.0	0.69	70.0	0.69	配当あり	いいえ	5.18	0.69	88.0	11990.0	6100.0	Technology	なし			高			OK	OK	OK	通常掲載可	OK	OK
9869	加藤産業	プライム（内国株式）	6050	卸売業	13	商社・卸売	6	TOPIX Small 1	5930.0	2.7	160.0	2.7	160.0	2.7	配当あり	いいえ	12.23	1.02	1789.8	7080.0	5440.0	Consumer Defensive	あり	自社製品: 100株以上 | ◆以下内容詳細(3,000円相当) 1、いちごジャム(320g) 2、ブルーベリージャム(320g) 3、オレンジマーマレード(320g) | ■贈呈時期 6月上旬発送予定 / 1,000株以上 | ◆以下内容詳細(5,000円相当) 1、いちごジャム(320g) 2、ブルーベリージャム(320g) 3、オレンジマーマレード(320g) 4、株主優待特別限定品(320g) 5、ピーナッツバター（種子島産粗糖使用 150g）	100	高			OK	OK	OK	通常掲載可	OK	OK
9872	北恵	スタンダード（内国株式）	6050	卸売業	13	商社・卸売	-	-	887.0	3.16	28.0	3.16	28.0	3.16	配当あり	いいえ	14.95	0.68	82.3	999.0	837.0	Industrials	あり	QUOカード、ギフトカード: 100株以上 | QUOカード 500円相当 / 500株以上 | QUOカード 1,000円相当 / 1,000株以上 | 郵便局の選べるギフト 3,000円相当	100	高			OK	OK	OK	通常掲載可	OK	OK
9876	コックス	スタンダード（内国株式）	6100	小売業	14	小売	-	-	230.0						配当未取得		5.96	0.6	63.5	324.0	204.0	Consumer Cyclical	あり	株主優待割引券: 100株以上 | 3枚 | ※30%割引券 ・株主優待割引券は一回の買い物に1枚利用。 ・店舗での買物時には、株主優待割引券の表面の銀色部分は削らないで持参すること。削ってある場合は、無効となる。 ・コックス公式オンラインストアでの買物時には、株主優待割引券の表面の銀色部分を削って「クーポンコード」を確認すること。 / 500株以上 | 5枚 / 1,000株以上 | 8枚 / 2,000株以上 | 10枚	100	高	配当未取得	1株配当が取得できていない	除外推奨	OK	除外推奨	掲載非推奨	OK_配当データ要確認	OK
9878	セキド	スタンダード（内国株式）	6100	小売業	14	小売	-	-	415.0						配当未取得			1.2	13.3	1461.0	415.0	Consumer Cyclical	あり	コスメ・クーポン: 500株以上 | 【1年未満保有】 5,000円相当（年間　10,000円相当） 【1年以上保有】 10,000円相当（年間　20,000円相当） 【2年以上保有】 15,000円相当（年間　30,000円相当） | ※「株主優待のご案内」に沿って株主様専用サイト上で希望の品⽬を選択。 ■継続保有期間について ３月 20 日および９月 20 日の当社株主名簿に、同一株主番号で所定の回数以上連続して保有が記載または記録されていることをいいます。継続して 500 株以上を保有していることが条件となり、、直近基準日時点の保有株式数により判定いたします。 1年以上継続保有：連続して	500	高	配当未取得	1株配当が取得できていない	除外推奨	OK	除外推奨	掲載非推奨	OK_配当データ要確認	OK
9880	イノテック	プライム（内国株式）	3650	電気機器	9	電機・精密	7	TOPIX Small 2	4130.0	1.94	80.0	1.94	80.0	1.94	配当あり	いいえ	12.95	1.91	501.3	4915.0	1387.0	Technology	なし			高			OK	OK	OK	通常掲載可	OK	OK
9882	イエローハット	プライム（内国株式）	6050	卸売業	13	商社・卸売	6	TOPIX Small 1	1763.0	3.86	68.0	3.86	68.0	3.86	配当あり	いいえ	12.84	1.22	1504.7	1783.0	1437.0	Consumer Cyclical	あり	買物優待割引券、商品引換券: 100株以上 | 【1年以上保有】 10枚(年間 20枚) | ※1枚当たり300円相当 ※購入金額税込1,000円 ごとに1枚使用可能。 ※2026年3月末以降の継続保有期間は1年以上の株主が贈呈の対象となります。 ■継続保有期間について 継続保有１年以上とは、毎年３月末日及び９月末日の当社株主名簿に同一株主番号で３回以上連続して掲載又は記録されていること。 ■贈呈時期 確定日3月末：6月下旬 確定日9月末：12月中旬 / 200株以上 | 【1年以上保有】 15枚(年間 30枚) / 1,000株以上 | 【1年以上保有】 25枚(年間 50枚) / 3,00	100	高			OK	OK	OK	通常掲載可	OK	OK
9885	シャルレ	スタンダード（内国株式）	6050	卸売業	13	商社・卸売	-	-	332.0	2.41	8.0	2.41	8.0	2.41	配当あり	いいえ		0.38	49.5	405.0	332.0	Consumer Cyclical	なし			高			OK	OK	OK	通常掲載可	OK	OK
9887	松屋フーズホールディングス	プライム（内国株式）	6100	小売業	14	小売	6	TOPIX Small 1	4630.0	0.52	24.0	0.52	24.0	0.52	配当あり	いいえ	23.53	1.65	953.5	7560.0	4385.0	Consumer Cyclical	あり	優待食事券: 100株以上 | 【1年以上保有】 10枚 【3年以上保有】 12枚 | 【送付時期】 6月下旬頃 ※国内の「松屋」「松のや」「マイカリー食堂」「すし松」「松軒中華食堂」「松太郎」「ステーキ屋松」「ステーキ定食 松牛」「terrasse verte」「麦のトリコ」「トゥックン²」にて利用できる。 ※優待食事券10枚もしくは12枚で自社製品詰合せセットと交換可能。 ■継続保有期間について 基準日の3月末から遡り、毎年3月末の期末・中間期末の株主名簿に同一の株主番号で、連続して所定の回数以上の記載がある場合を判定の条件といたします。 1年以上継続保有：連続して3回以上 3年以上継続保	100	高			OK	OK	OK	通常掲載可	OK	OK
9888	ＵＥＸ	スタンダード（内国株式）	6050	卸売業	13	商社・卸売	-	-	970.0	3.81	37.0	3.81	37.0	3.81	配当あり	いいえ	16.03	0.56	99.9	1012.0	693.0	Basic Materials	なし			高			OK	OK	OK	通常掲載可	OK	OK
9889	ＪＢＣＣホールディングス	プライム（内国株式）	5250	情報・通信業	10	情報通信・サービスその他	6	TOPIX Small 1	1212.0	4.13	50.0	4.13	50.0	4.13	配当あり	いいえ	14.05	2.96	735.4	1692.0	1145.0	Technology	なし			高			OK	OK	OK	通常掲載可	OK	OK
9890	マキヤ	スタンダード（内国株式）	6100	小売業	14	小売	-	-	1291.0	2.94	38.0	2.94	38.0	2.94	配当あり	いいえ	8.78	0.58	129.2	1597.0	1048.0	Consumer Defensive	あり	買物割引券: 100株以上 | 12枚(年間 24枚) | ※1枚当たり1,000円(税込) ごとに100円割引となる / 500株以上 | 60枚(年間 120枚) / 1,000株以上 | 120枚(年間 240枚) / 2,000株以上 | 180枚(年間 360枚) / 3,000株以上 | 240枚(年間 480枚) / 4,000株以上 | 300枚(年間 600枚)	100	高			OK	OK	OK	通常掲載可	OK	OK
9895	コンセック	スタンダード（内国株式）	6050	卸売業	13	商社・卸売	-	-	1259.0	2.14	27.0	2.14	27.0	2.14	配当あり	いいえ		0.28	22.1	1485.0	1210.0	Industrials	あり	自社飲料水: 100株以上 | 1本(年間 2本) / 400株以上 | 2本(年間 4本) / 1,000株以上 | 3本(年間 6本)	100	高			OK	OK	OK	通常掲載可	OK	OK
9896	ＪＫホールディングス	スタンダード（内国株式）	6050	卸売業	13	商社・卸売	7	TOPIX Small 2	1423.0	4.22	60.0	4.22	60.0	4.22	配当あり	いいえ	9.56	0.58	380.3	1599.0	1156.0	Industrials	なし			高			OK	OK	OK	通常掲載可	OK	OK
9900	サガミホールディングス	プライム（内国株式）	6100	小売業	14	小売	6	TOPIX Small 1	1613.0	0.74	12.0	0.74	12.0	0.74	配当あり	いいえ	30.03	2.47	485.9	2067.0	1515.0	Consumer Cyclical	あり	優待食事券: 100株以上 | 20%割引券2枚(年間 4枚) | ※1、20%割引券の上限金額は3,000円 ※2、一部店舗では100円割引券となる ※3、優待券を含む他の券との併用はできない ※4、優待券の使用に制限はない ■贈呈時期 確定日3月末：6月下旬 確定日9月末：12月中旬 / 500株以上 | 20%割引券5枚(年間 10枚) / 1,000株以上 | 優待券 15,000円相当(年間 30,000円相当)	100	高			OK	OK	OK	通常掲載可	OK	OK
9902	日伝	プライム（内国株式）	6050	卸売業	13	商社・卸売	7	TOPIX Small 2	2553.0	3.92	100.0	3.92	100.0	3.92	配当あり	いいえ	14.75	0.82	754.1	2989.0	2317.0	Industrials	あり	株主優待商品、QUOカード: 100株以上 | ◆以下優待内容詳細 半生讃岐うどん包丁切り 詰め合わせ300g×3袋(9人前) | ■贈呈時期 12月 / 1,000株以上 | ◆以下優待内容詳細 こだわり厳選セット 無洗米2kg詰め3パック	100	高			OK	OK	OK	通常掲載可	OK	OK
9903	カンセキ	スタンダード（内国株式）	6100	小売業	14	小売	-	-	896.0	2.23	20.0	2.23	20.0	2.23	配当あり	いいえ	21.93	0.6	66.8	1420.0	848.0	Consumer Cyclical	あり	株主優待割引券: 100株以上 | 2枚(年間 4枚) | ※1、15%割引 ※2、各種割引券、特別割引セール、スマイルカード、 WILD－1カードとの併用はできない。 《有効期限》 確定日2月末贈呈分：同年11月30日まで 確定日8月末贈呈分：翌年 5月31日まで / 500株以上 | 10枚(年間 20枚) / 1,000株以上 | 20枚(年間 40枚)	100	高			OK	OK	OK	通常掲載可	OK	OK
9904	ベリテ	スタンダード（内国株式）	6100	小売業	14	小売	-	-	219.0	2.74	6.0	2.74	6.0	2.74	配当あり	いいえ	18.45	0.75	59.4	423.0	210.0	Consumer Cyclical	あり	優待割引カード、自社商品券: 1,000株以上 | 1枚 | ※1枚当たり5,000円相当 《有効期限》 翌年6月30日 / 3,000株以上 | 2枚 / 5,000株以上 | 3枚 / 10,000株以上 | 5枚	1000	高			OK	OK	OK	通常掲載可	OK	OK
9906	藤井産業	スタンダード（内国株式）	6050	卸売業	13	商社・卸売	-	-	3955.0	5.06	200.0	5.06	200.0	5.06	配当あり	いいえ	6.89	0.8	334.5	4980.0	2900.0	Industrials	なし			高			OK	OK	OK	通常掲載可	OK	OK
9908	日本電計	スタンダード（内国株式）	6050	卸売業	13	商社・卸売	-	-	2567.0	4.29	110.0	4.29	110.0	4.29	配当あり	いいえ	7.99	0.89	291.4	2712.0	2015.0	Industrials	なし			高			OK	OK	OK	通常掲載可	OK	OK
9913	日邦産業	スタンダード（内国株式）	6050	卸売業	13	商社・卸売	-	-	3605.0	2.19	79.0	2.19	79.0	2.19	配当あり	いいえ	22.62	1.82	326.9	4540.0	2454.0	Technology	なし			高			OK	OK	OK	通常掲載可	OK	OK
9914	植松商会	スタンダード（内国株式）	6050	卸売業	13	商社・卸売	-	-	712.0	4.56	32.5	4.84	32.5	4.56	配当あり	いいえ	12.86	0.49	16.0	1265.0	643.0	Industrials	あり	デジタルギフト（QUOカード）: 100株以上 | 500円相当 | ◇対象となる交換先：Amazon ギフトカード、PayPay、楽天ポイント、ｄポイント、au PAY、nanako ポイント、その他（ＱＵＯカードについても選択が可能） ■贈呈時期 毎年6月下旬に送付する「定時株主総会決議通知」に同封予定。 / 1,000株以上 | 1,000円相当 / 3,000株以上 | 3,000円相当	100	高			OK	OK	OK	通常掲載可	OK	OK
9927	ワットマン	スタンダード（内国株式）	6100	小売業	14	小売	-	-							配当未取得								なし			高	yfinanceデータなし / 株価未取得 / 配当未取得	1株配当が取得できていない / yfinanceで株価・配当データが取得できなかった / 株価が取得できていない	除外推奨	OK	除外推奨	掲載非推奨	データなし	OK
9928	ミロク情報サービス	プライム（内国株式）	5250	情報・通信業	10	情報通信・サービスその他	7	TOPIX Small 2	1749.0	7.43	130.0	7.43	130.0	7.43	配当あり	いいえ	9.96	1.58	523.7	2045.0	1655.0	Technology	なし			高			OK	OK	OK	通常掲載可	OK	OK
9929	平和紙業	スタンダード（内国株式）	6050	卸売業	13	商社・卸売	-	-	464.0	2.59	12.0	2.59	12.0	2.59	配当あり	いいえ	55.24	0.42	42.9	510.0	429.0	Basic Materials	あり	日用雑貨品、オリジナル手帳: 1,000株以上 | 3,000円相当 | 【送付時期】 5月下旬	1000	高			OK	OK	OK	通常掲載可	OK	OK
9930	北沢産業	スタンダード（内国株式）	6050	卸売業	13	商社・卸売	-	-	352.0	2.84	10.0	2.84	10.0	2.84	配当あり	いいえ	29.68	0.58	65.4	385.0	331.0	Industrials	なし			高			OK	OK	OK	通常掲載可	OK	OK
9932	杉本商事	プライム（内国株式）	6050	卸売業	13	商社・卸売	7	TOPIX Small 2	1168.0	4.62	54.0	4.62	54.0	4.62	配当あり	いいえ	9.96	0.6	204.1	2015.0	1113.0	Industrials	なし			高			OK	OK	OK	通常掲載可	OK	OK
9934	因幡電機産業	プライム（内国株式）	6050	卸売業	13	商社・卸売	4	TOPIX Mid400	2702.5	3.15	85.0	3.15	85.0	3.15	配当あり	いいえ	13.12	1.54	3033.7	2897.5	1928.0	Industrials	なし			高			OK	OK	OK	通常掲載可	OK	OK
9936	王将フードサービス	プライム（内国株式）	6100	小売業	14	小売	6	TOPIX Small 1	2808.0	1.99	56.0	1.99	56.0	1.99	配当あり	いいえ	19.92	2.27	1475.1	3975.0	2599.0	Consumer Cyclical	あり	優待食事券（電子チケット）: 100株以上 | 2,500円相当（年間 5,000円相当） | ◇スマートフォンと紙の併用型を採用：紙の優待券（バーコード印字）をそのまま提示いただくことでも利用可能。 ※１円単位で利用が可能。プレゼント機能、共有（シェア）も可能。 ※自社オリジナル商品詰め合わせと交換も可能。 / 300株以上 | 4,000円相当（年間 8,000円相当） / 500株以上 | 5,000円相当（年間 10,000円相当） / 1,000株以上 | 8,000円相当（年間 16,000円相当） / 2,000株以上 | 15,000円相当（年間 30,000円相当） / 4,	100	高			OK	OK	OK	通常掲載可	OK	OK
9941	太洋物産	スタンダード（内国株式）	6050	卸売業	13	商社・卸売	-	-	1270.0						配当未取得		16.0	2.23	24.6	2049.0	603.0	Consumer Defensive	なし			高	配当未取得	1株配当が取得できていない	除外推奨	OK	除外推奨	掲載非推奨	OK_配当データ要確認	OK
9946	ミニストップ	プライム（内国株式）	6100	小売業	14	小売	7	TOPIX Small 2	1803.0	1.11	20.0	1.11	20.0	1.11	配当あり	いいえ		1.98	523.0	2198.0	1736.0	Consumer Defensive	あり	食事優待券、ドリンク無料券: 100株以上 | 5枚(年間 10枚) | ■贈呈時期 確定日2月末：5月 確定日8月末：11月 / 1,000株以上 | 20枚(年間 40枚)	100	高			OK	OK	OK	通常掲載可	OK	OK
9948	アークス	プライム（内国株式）	6100	小売業	14	小売	6	TOPIX Small 1	3380.0	2.43	82.0	2.43	82.0	2.43	配当あり	いいえ	14.62	0.92	1800.9	4035.0	2941.0	Consumer Cyclical	あり	自社商品券、青森県産品: 100株以上 | 【1年以上保有】 ◆以下より1点を選択 1、(A)アークスグループ商品券　4,000円相当または、 (B)全国共通ギフトカード 3,000円相当 2、青森県産りんご  3kg 3、アップルジュース 1箱(1箱あたり 190g×30本) | ■送付時期 7月末から8月上旬（りんごのみ11月下旬から12月上旬） ■継続保有期間について 「継続して１年以上保有する株主様」とは、毎年２月末日および８月末日現在の当社株主名簿において、同一株主番号で連続３回以上、かつ、そのすべての時点において 100株以上の保有が記載または記録されている株主様といたします。 ※	100	高			OK	OK	OK	通常掲載可	OK	OK
9950	ハチバン	スタンダード（内国株式）	6100	小売業	14	小売	-	-	3410.0	0.59	20.0	0.59	20.0	0.59	配当あり	いいえ	166.67	2.63	100.3	3535.0	3355.0	Consumer Cyclical	あり	優待食事券: 100株以上 | 5枚 2,500円相当（年間5,000円相当） | ※自社指定商品との引き換えも可能 / 200株以上 | 10枚 5,000円相当（年間10,000円相当） / 400株以上 | 20枚 10,000円相当（年間20,000円相当）	100	高			OK	OK	OK	通常掲載可	OK	OK
9955	ヨンキュウ	スタンダード（内国株式）	6050	卸売業	13	商社・卸売	-	-	2748.0	1.24	34.0	1.24	34.0	1.24	配当あり	いいえ	8.9	0.83	336.8	3195.0	2280.0	Consumer Defensive	あり	自社関連商品: 200株以上 | 「薩摩の若うなぎ」の蒲焼 3,000円相当 | ■贈呈時期 7月送付 / 500株以上 | 「薩摩の若うなぎ」の蒲焼 6,000円相当	200	高			OK	OK	OK	通常掲載可	OK	OK
9956	バローホールディングス	プライム（内国株式）	6100	小売業	14	小売	6	TOPIX Small 1	3795.0	2.0	76.0	2.0	76.0	2.0	配当あり	いいえ	12.14	1.08	1999.0	3995.0	2448.0	Consumer Cyclical	あり	自社プリペイド式電子マネー: 100株以上 | 【1年未満保有株主】 1,000円相当 【1年以上保有株主】 1,500円相当 | ※ポイントをチャージしたギフト カードを贈呈。 ※自社主要店舗の他、JCB PREMO 加盟店でも使用可能。 ■継続保有期間について 継続保有期間とは、各記区分による株式数を基準日（毎年3月31日、9月30日）時点において同一株主番号で保有していることが当社株主名簿の記載・記録にて確認できる期間をいいます。なお、相続等により株主番号が変更になった場合は、その直後の基準日から起算します。 / 500株以上 | 【1年未満保有株主】 1,500円相当 【1年以上保有株	100	高			OK	OK	OK	通常掲載可	OK	OK
9959	アシードホールディングス	スタンダード（内国株式）	6100	小売業	14	小売	-	-	915.0	2.62	24.0	2.62	24.0	2.62	配当あり	いいえ	12.39	1.42	112.9	1459.0	646.0	Consumer Defensive	あり	自社グループ商品またはQUOカードまたはデジタルギフト: 100株以上 | ◇いずれか１点を選択 １．アルコール飲料　1,000円相当 ２．清涼飲料　1,000円相当 ３．QUOカードまたはデジタルギフト　500円相当 | ■贈呈時期 6月下旬 / 500株以上 | ◇いずれか１点を選択 １．アルコール飲料　1,500円相当 ２．清涼飲料　1,500円相当 ３．QUOカードまたはデジタルギフト　1,000円相当 / 1,000株以上 | ◇いずれか１点を選択 １．アルコール飲料　2,500円相当 ２．清涼飲料・お茶　2,500円相当 ３．QUOカードまたはデジタルギフト　2,000円相当 / 	100	高			OK	OK	OK	通常掲載可	OK	OK
9960	東テク	プライム（内国株式）	6050	卸売業	13	商社・卸売	6	TOPIX Small 1	4075.0	4.22	172.0	4.22	172.0	4.22	配当あり	いいえ	12.77	2.27	1671.0	4590.0	2684.0	Technology	なし			高			OK	OK	OK	通常掲載可	OK	OK
9962	ミスミグループ本社	プライム（内国株式）	6050	卸売業	13	商社・卸売	4	TOPIX Mid400	3814.0	1.39	52.98	1.39	52.98	1.39	配当あり	いいえ	25.57	2.65	10096.1	3977.0	1861.0	Industrials	なし			高			OK	OK	OK	通常掲載可	OK	OK
9969	ショクブン	スタンダード（内国株式）	6100	小売業	14	小売	-	-	232.0	1.08	2.5	1.08	2.5	1.08	配当あり	いいえ		1.48	35.6	266.0	221.0	Consumer Cyclical	あり	自社商品（パックごはん）: 500株以上 | 富山県産コシヒカリを使用したパックご飯　10パック | ■贈呈時期 6月下旬 / 1,000株以上 | 富山県産コシヒカリを使用したパックご飯　24パック	500	高			OK	OK	OK	通常掲載可	OK	OK
9972	アルテック	スタンダード（内国株式）	6050	卸売業	13	商社・卸売	-	-	259.0	2.7	7.0	2.7	7.0	2.7	配当あり	いいえ		0.41	35.7	319.0	212.0	Industrials	なし			高			OK	OK	OK	通常掲載可	OK	OK
9973	ＫＯＺＯホールディングス	スタンダード（内国株式）	6100	小売業	14	小売	-	-	20.0						配当未取得			10.6	58.9	49.0	19.0	Consumer Cyclical	あり	優待券（アプリ）: 100株以上 | 500円相当 | ※「小僧寿しアプリ」を介して提供します。 ・グループ各店舗（店舗限定） 及び ECサイトにて利用可能。 ・アプリを活用して、随時ご優待クーポンを発行予定。 《贈呈時期》 毎年3月中旬 / 1,000株以上 | 1,000円相当 / 10,000株以上 | 2,000円相当 / 50,000株以上 | 5,000円相当	100	高	配当未取得	1株配当が取得できていない	除外推奨	OK	除外推奨	掲載非推奨	OK_配当データ要確認	OK
9974	ベルク	プライム（内国株式）	6100	小売業	14	小売	6	TOPIX Small 1	6370.0	2.07	132.0	2.07	132.0	2.07	配当あり	いいえ	10.46	1.1	1326.9	8200.0	5970.0	Consumer Defensive	あり	自社商品詰め合わせ、JCBギフトカード、お米: 100株以上 | 【1年以上保有】 ◆以下より1点を選択 1、お米 2kg 2、自社商品詰め合わせ 2,500円相当 3、JCBギフトカード 2,000円相当 4、ベルクペイ 2,500円相当 5、寄付　2,000円相当 | ■継続保有期間について ２月末日及び８月 31 日現在の当社株主名簿に、同一株主番号で、基準日を含めて３回以上連続して記載または記録されており、そのすべての時点で保有株式数が 100 株以上であることが条件となります。 / 500株以上 | 【1年以上保有】 ◆以下より1点を選択 1、お米 3kg 2、自社商品詰め合わせ 3	100	高			OK	OK	OK	通常掲載可	OK	OK
9976	セキチュー	スタンダード（内国株式）	6100	小売業	14	小売	-	-	1030.0	2.91	30.0	2.91	30.0	2.91	配当あり	いいえ	14.1	0.52	55.9	1450.0	969.0	Consumer Cyclical	あり	自社商品券、日用雑貨品: 500株以上 | ◆下記より1点を選択 1、自社商品券 3,000円相当 2、自社取扱商品 1品 / 2,000株以上 | ◆下記より1点を選択 1、自社商品券 5,000円相当 2、自社取扱商品 1品	500	高			OK	OK	OK	通常掲載可	OK	OK
9978	文教堂グループホールディングス	スタンダード（内国株式）	6100	小売業	14	小売	-	-	45.0						配当未取得			1.7	19.7	75.0	43.0	Consumer Cyclical	あり	株主割引優待: 100株以上 | 5%割引 | ※直営全店舗の店頭及び株主専用優待サイトでのお買い上げにつき、保有株式数に応じた割引率で商品代金を割引。 《発送時期》有効期間1年間 基準日2月末日：4月予定 基準日8月末日：10月予定 / 1,000株以上 | 7%割引 / 10,000株以上 | 10%割引	100	高	配当未取得	1株配当が取得できていない	除外推奨	OK	除外推奨	掲載非推奨	OK_配当データ要確認	OK
9979	大庄	スタンダード（内国株式）	6100	小売業	14	小売	7	TOPIX Small 2	1069.0	1.31	14.0	1.31	14.0	1.31	配当あり	いいえ	27.03	1.95	224.3	1263.0	1011.0	Consumer Cyclical	あり	優待飲食券: 100株以上 | 6枚(年間 12枚) | ※1枚当たり500円相当 ■贈呈時期 確定日2月末：5月末日予定 確定日8月末：12月上旬予定 / 500株以上 | 12枚(年間 24枚) / 1,000株以上 | 24枚(年間 48枚)	100	高			OK	OK	OK	通常掲載可	OK	OK
9980	ＭＲＫホールディングス	スタンダード（内国株式）	6100	小売業	14	小売	-	-	91.0	1.1	1.0	1.1	1.0	1.1	配当あり	いいえ	9.59	0.57	83.8	182.0	84.0	Consumer Cyclical	なし			高			OK	OK	OK	通常掲載可	OK	OK
9982	タキヒヨー	スタンダード（内国株式）	6050	卸売業	13	商社・卸売	-	-	2684.0	1.86	50.0	1.86	50.0	1.86	配当あり	いいえ	14.43	0.7	226.4	3075.0	1531.0	Consumer Cyclical	あり	こだわりのオリジナルギフト、旅行券: 200株以上 | 2025年2月末 ・魔法の撚糸「SUPER ZERO」バスタオル2枚セット ※写真は2019年度優待品	200	高			OK	OK	OK	通常掲載可	OK	OK
9983	ファーストリテイリング	プライム（内国株式）	6100	小売業	14	小売	1	TOPIX Core30	84070.0	0.76	640.0	0.76	640.0	0.76	配当あり	いいえ	54.05	9.8	257960.2	85190.0	43270.0	Consumer Cyclical	なし			高			OK	OK	OK	通常掲載可	OK	OK
9984	ソフトバンクグループ	プライム（内国株式）	5250	情報・通信業	10	情報通信・サービスその他	1	TOPIX Core30	6226.0	0.18	11.0	0.18	11.0	0.18	配当あり	いいえ	7.14	2.04	354815.0	9074.0	2551.25	Communication Services	なし			高			OK	OK	OK	通常掲載可	OK	OK
9986	蔵王産業	スタンダード（内国株式）	6050	卸売業	13	商社・卸売	-	-	2448.0	4.08	100.0	4.08	100.0	4.08	配当あり	いいえ	18.52	1.19	133.1	2850.0	2390.0	Industrials	なし			高			OK	OK	OK	通常掲載可	OK	OK
9987	スズケン	プライム（内国株式）	6050	卸売業	13	商社・卸売	4	TOPIX Mid400	4976.0	1.21	60.0	1.21	60.0	1.21	配当あり	いいえ	9.12	0.81	3365.7	6668.0	4810.0	Healthcare	あり	自社取扱商品: 100株以上 | ◆以下より1点を選択（3,000円相当） 1、低刺激性石鹸「スズケン ピュアー・ソープ」 2、低刺激性石けん「スズケン ピュアー・ソープ 泡タイプ」 3、体にやさしいヘルシーブレンド茶「さんけん茶」 4、かつお風味が香る芳醇な和風だし「スズケンだしの素」 5、紀州産南部の最高級品「スズケン梅ぼし」 6、社会貢献団体「ユニセフ」への寄付	100	高			OK	OK	OK	通常掲載可	OK	OK
9989	サンドラッグ	プライム（内国株式）	6100	小売業	14	小売	4	TOPIX Mid400	3807.0	3.47	132.0	3.47	132.0	3.47	配当あり	いいえ	14.18	1.56	4453.5	4883.0	3526.0	Healthcare	あり	自社商品引換券: 100株以上 | 1、12種類のPB商品の中から1種類を選択。 2、優待券　2,000円相当	100	高			OK	OK	OK	通常掲載可	OK	OK
9990	サックスバー　ホールディングス	プライム（内国株式）	6100	小売業	14	小売	7	TOPIX Small 2	737.0	4.75	35.0	4.75	35.0	4.75	配当あり	いいえ	11.22	0.69	214.1	852.0	705.0	Consumer Cyclical	あり	自社取扱商品: 100株以上 | ◇優待割引券（店舗及び通販サイトで利用可能） 2,000円相当 ■贈呈時期：6月末 / 1,000株以上 | 10,000円相当のオリジナル商品 ◇4種類の中から1点を選択。 1、キソラ ショルダーバッグ 2、カナナ モノグラム3rdリュック 3、サックスバー AirCell搭載バックパック 4、スカイラボ 機内持込可能スーツケース ■贈呈時期：8月～10月	100	高			OK	OK	OK	通常掲載可	OK	OK
9991	ジェコス	プライム（内国株式）	6050	卸売業	13	商社・卸売	7	TOPIX Small 2	1508.0	4.58	69.0	4.58	69.0	4.58	配当あり	いいえ	8.67	0.71	507.4	1948.0	1185.0	Industrials	なし			高			OK	OK	OK	通常掲載可	OK	OK
9993	ヤマザワ	スタンダード（内国株式）	6100	小売業	14	小売	-	-	1179.0	2.29	27.0	2.29	27.0	2.29	配当あり	いいえ	9.15	0.45	121.0	1220.0	1130.0	Consumer Defensive	あり	自社買物優待券、山形の新米セット: 100株以上 | 【半年以上保有】 1、買物優待券 2,000円相当分 2、山形の新米 （つや姫 2kg） | ■継続保有期間について 「半年以上継続保有」とは、2月末日現在及び8月31日現在の両基準日において株主名簿に同一の株主番号で連続して記載又は記録され、かつ、1単元（100株）以上の当社株式を保有していることが条件となります。 ※山形・宮城・秋田県在住の 場合、1、2より選択可。 ※山形・宮城・秋田県以外に 在住の場合、2となる。 ※自社買物優待券は税抜 1,000円以上のお買い物 につき、1,000円毎に1枚 利用可能。 / 1,000株以上 | 	100	高			OK	OK	OK	通常掲載可	OK	OK
9994	やまや	スタンダード（内国株式）	6100	小売業	14	小売	-	-	2003.0	3.59	72.0	3.59	72.0	3.59	配当あり	いいえ	10.45	0.59	217.2	2845.0	2001.0	Consumer Defensive	なし			高			OK	OK	OK	通常掲載可	OK	OK
9996	サトー商会	スタンダード（内国株式）	6050	卸売業	13	商社・卸売	-	-	1936.0	2.48	48.0	2.48	48.0	2.48	配当あり	いいえ	12.89	0.59	161.5	2479.0	1850.0	Consumer Defensive	あり	東北地方ブランド米: 100株以上 | 2kg | ■贈呈時期 毎年10月下旬 / 1,000株以上 | 5kg	100	高			OK	OK	OK	通常掲載可	OK	OK
9997	ベルーナ	プライム（内国株式）	6100	小売業	14	小売	6	TOPIX Small 1	946.0	4.12	39.0	4.12	39.0	4.12	配当あり	いいえ	7.89	0.6	909.8	1076.0	823.0	Consumer Cyclical	あり	自社通販優待価格割引、自社取扱商品、施設割引券: 100株以上 | 1,000円相当(年間 2,000円相当) | ※スマートフォン等による優待品の電子申込み、または申込みハガキによる優待品の申込み ◆以下から選択 1、通信販売で使用できる優待割引券 2、ベルーナネット（https://belluna.jp/）で使用できる優待ポイント 3、自社取り扱いの食品またはワインまたは日本酒 / 500株以上 | 3,000円相当(年間 6,000円相当） / 1,000株以上 | 5,000円相当(年間 10,000円相当)	100	高			OK	OK	OK	通常掲載可	OK	OK
